sex,week,mu,sigma,nu,p02,p09,p50,p91,p98
F,8,0.890118,0.245249,0.124343,0.529118,0.636271,0.890118,1.228598,1.450830
F,9,1.009312,0.229935,0.211918,0.613672,0.733777,1.009312,1.360569,1.583022
F,10,1.123935,0.217248,0.275186,0.698235,0.829628,1.123935,1.487397,1.712018
F,11,1.238948,0.206724,0.321141,0.784922,0.926795,1.238948,1.615718,1.844607
F,12,1.356450,0.197984,0.354533,0.874409,1.026432,1.356450,1.748155,1.983210
F,13,1.476160,0.190729,0.378683,0.966036,1.128036,1.476160,1.884248,2.126950
F,14,1.597344,0.184720,0.395975,1.058931,1.230815,1.597344,2.023042,2.274551
F,15,1.716528,0.179760,0.408150,1.150451,1.331886,1.716528,2.160172,2.421007
F,16,1.829324,0.175665,0.416502,1.237393,1.427687,1.829324,2.290160,2.560120
F,17,1.933247,0.172282,0.422010,1.317845,1.516137,1.933247,2.409965,2.688477
F,18,2.029900,0.169494,0.425391,1.392710,1.598378,2.029900,2.521647,2.808367
F,19,2.121351,0.167209,0.426993,1.463314,1.675982,2.121351,2.627803,2.922676
F,20,2.208312,0.165353,0.427008,1.530109,1.749488,2.208312,2.729317,3.032382
F,21,2.290232,0.163869,0.425600,1.592690,1.818449,2.290232,2.825505,3.136714
F,22,2.366595,0.162708,0.422911,1.650683,1.882448,2.366595,2.915726,3.234950
F,23,2.436980,0.161829,0.419064,1.703794,1.941151,2.436980,2.999447,3.326487
F,24,2.501106,0.161194,0.414166,1.751848,1.994353,2.501106,3.076287,3.410886
F,25,2.559230,0.160773,0.408314,1.795053,2.042281,2.559230,3.146527,3.488435
F,26,2.611865,0.160538,0.401590,1.833803,2.085371,2.611865,3.210759,3.559767
F,27,2.659497,0.160467,0.394069,1.868477,2.124037,2.659497,3.269539,3.625478
F,28,2.702583,0.160542,0.385818,1.899432,2.158674,2.702583,3.323386,3.686122
F,29,2.741546,0.160747,0.376894,1.927007,2.189648,2.741546,3.372784,3.742214
F,30,2.776780,0.161069,0.367352,1.951515,2.217301,2.776780,3.418177,3.794227
F,31,2.808648,0.161494,0.357239,1.973249,2.241950,2.808648,3.459975,3.842598
F,32,2.837481,0.162014,0.346599,1.992476,2.263887,2.837481,3.498552,3.887726
F,33,2.863585,0.162619,0.335471,2.009446,2.283379,2.863585,3.534253,3.929978
F,34,2.887241,0.163302,0.323889,2.024386,2.300673,2.887241,3.567393,3.969689
F,35,2.908702,0.164056,0.311888,2.037506,2.315994,2.908702,3.598257,4.007166
F,36,2.928201,0.164875,0.299495,2.048995,2.329546,2.928201,3.627109,4.042689
F,37,2.945951,0.165754,0.286738,2.059028,2.341519,2.945951,3.654186,4.076513
F,38,2.962145,0.166687,0.273643,2.067764,2.352082,2.962145,3.679707,4.108874
F,39,2.976957,0.167672,0.260231,2.075348,2.361392,2.976957,3.703870,4.139984
F,40,2.990549,0.168703,0.246523,2.081911,2.369589,2.990549,3.726855,4.170039
F,41,3.003064,0.169778,0.232539,2.087574,2.376804,3.003064,3.748829,4.199219
F,42,3.014636,0.170893,0.218297,2.092446,2.383154,3.014636,3.769940,4.227689
F,43,3.025385,0.172046,0.203813,2.096626,2.388744,3.025385,3.790327,4.255598
F,44,3.035419,0.173235,0.189102,2.100204,2.393672,3.035419,3.810115,4.283086
F,45,3.044839,0.174457,0.174179,2.103262,2.398026,3.044839,3.829417,4.310281
F,46,3.053733,0.175710,0.159056,2.105875,2.401885,3.053733,3.848340,4.337300
F,47,3.062186,0.176992,0.143746,2.108110,2.405324,3.062186,3.866979,4.364253
F,48,3.070274,0.178301,0.128261,2.110031,2.408411,3.070274,3.885427,4.391246
F,49,3.078069,0.179636,0.112610,2.111697,2.411208,3.078069,3.903769,4.418377
F,50,3.085637,0.180996,0.096805,2.113161,2.413773,3.085637,3.922083,4.445742
F,51,3.093038,0.182379,0.080853,2.114471,2.416159,3.093038,3.940443,4.473425
F,52,3.100325,0.183784,0.064764,2.115671,2.418412,3.100325,3.958916,4.501509
F,53,3.107549,0.185209,0.048547,2.116801,2.420576,3.107549,3.977563,4.530071
F,54,3.114754,0.186654,0.032207,2.117896,2.422690,3.114754,3.996441,4.559183
F,55,3.121980,0.188118,0.015754,2.118991,2.424790,3.121980,4.015605,4.588915
F,56,3.129267,0.189600,-0.000807,2.120114,2.426909,3.129267,4.035102,4.619332
F,57,3.136648,0.191098,-0.017469,2.121293,2.429074,3.136648,4.054980,4.650497
F,58,3.144154,0.192613,-0.034227,2.122553,2.431315,3.144154,4.075282,4.682472
F,59,3.151813,0.194143,-0.051074,2.123916,2.433655,3.151813,4.096047,4.715314
F,60,3.159653,0.195688,-0.068005,2.125403,2.436116,3.159653,4.117316,4.749083
F,61,3.167697,0.197248,-0.085016,2.127031,2.438720,3.167697,4.139123,4.783834
F,62,3.175967,0.198820,-0.102102,2.128819,2.441484,3.175967,4.161504,4.819621
F,63,3.184484,0.200406,-0.119258,2.130782,2.444425,3.184484,4.184490,4.856502
F,64,3.193266,0.202004,-0.136480,2.132933,2.447560,3.193266,4.208114,4.894528
F,65,3.202330,0.203614,-0.153764,2.135286,2.450902,3.202330,4.232406,4.933756
F,66,3.211692,0.205236,-0.171106,2.137853,2.454465,3.211692,4.257394,4.974240
F,67,3.221367,0.206868,-0.188503,2.140643,2.458260,3.221367,4.283107,5.016035
F,68,3.231368,0.208511,-0.205951,2.143668,2.462299,3.231368,4.309573,5.059198
F,69,3.241709,0.210164,-0.223448,2.146937,2.466591,3.241709,4.336818,5.103785
F,70,3.252400,0.211827,-0.240990,2.150456,2.471147,3.252400,4.364869,5.149854
F,71,3.263453,0.213499,-0.258574,2.154235,2.475974,3.263453,4.393752,5.197467
F,72,3.274878,0.215181,-0.276197,2.158281,2.481080,3.274878,4.423494,5.246684
F,73,3.286684,0.216871,-0.293857,2.162599,2.486473,3.286684,4.454119,5.297571
F,74,3.298881,0.218570,-0.311552,2.167196,2.492161,3.298881,4.485654,5.350192
F,75,3.311477,0.220277,-0.329279,2.172078,2.498148,3.311477,4.518124,5.404617
F,76,3.324481,0.221991,-0.347036,2.177250,2.504442,3.324481,4.551556,5.460919
F,77,3.337899,0.223714,-0.364820,2.182716,2.511048,3.337899,4.585975,5.519171
F,78,3.351739,0.225443,-0.382631,2.188482,2.517972,3.351739,4.621410,5.579455
M,8,0.861525,0.298407,0.208889,0.447159,0.567307,0.861525,1.265159,1.533620
M,9,1.004796,0.277576,0.254002,0.542789,0.679661,1.004796,1.433890,1.711173
M,10,1.157602,0.261120,0.294341,0.645773,0.800011,1.157602,1.615366,1.904629
M,11,1.317005,0.247826,0.330804,0.754294,0.926228,1.317005,1.805089,2.108041
M,12,1.480101,0.236893,0.364059,0.866433,1.056099,1.480101,1.999037,2.316453
M,13,1.644074,0.227768,0.394613,0.980246,1.187405,1.644074,2.193534,2.525535
M,14,1.806249,0.220061,0.422861,1.093826,1.317991,1.806249,2.385228,2.731451
M,15,1.964635,0.213486,0.449120,1.205663,1.446186,1.964635,2.571732,2.931540
M,16,2.118325,0.207830,0.473643,1.314928,1.571124,2.118325,2.752087,3.124788
M,17,2.266666,0.202930,0.496639,1.420984,1.692156,2.266666,2.925635,3.310516
M,18,2.409141,0.198661,0.518282,1.523316,1.808759,2.409141,3.091866,3.488206
M,19,2.545353,0.194922,0.538716,1.621514,1.920522,2.545353,3.250399,3.657475
M,20,2.675008,0.191635,0.558064,1.715260,2.027130,2.675008,3.400962,3.818060
M,21,2.797907,0.188735,0.576433,1.804322,2.128359,2.797907,3.543387,3.969801
M,22,2.914075,0.186170,0.593912,1.888628,2.224167,2.914075,3.677770,4.112832
M,23,3.023730,0.183897,0.610581,1.968256,2.314673,3.023730,3.804438,4.247538
M,24,3.127124,0.181880,0.626508,2.043319,2.400037,3.127124,3.923742,4.374322
M,25,3.224523,0.180088,0.641754,2.113955,2.480438,3.224523,4.036040,4.493590
M,26,3.316198,0.178496,0.656372,2.180319,2.556067,3.316198,4.141689,4.605742
M,27,3.402425,0.177081,0.670408,2.242575,2.627127,3.402425,4.241041,4.711171
M,28,3.483479,0.175827,0.683906,2.300896,2.693822,3.483479,4.334438,4.810256
M,29,3.559626,0.174715,0.696903,2.355454,2.756359,3.559626,4.422214,4.903363
M,30,3.631128,0.173733,0.709434,2.406424,2.814940,3.631128,4.504687,4.990841
M,31,3.698239,0.172868,0.721527,2.453980,2.869765,3.698239,4.582164,5.073024
M,32,3.761200,0.172109,0.733213,2.498288,2.921028,3.761200,4.654938,5.150228
M,33,3.820246,0.171447,0.744515,2.539515,2.968917,3.820246,4.723285,5.222755
M,34,3.875598,0.170875,0.755456,2.577820,3.013614,3.875598,4.787469,5.290889
M,35,3.927468,0.170384,0.766059,2.613356,3.055291,3.927468,4.847739,5.354897
M,36,3.976057,0.169968,0.776340,2.646271,3.094115,3.976057,4.904330,5.415033
M,37,4.021557,0.169621,0.786319,2.676705,3.130243,4.021557,4.957466,5.471535
M,38,4.064147,0.169338,0.796012,2.704793,3.163827,4.064147,5.007355,5.524626
M,39,4.103999,0.169115,0.805433,2.730664,3.195009,4.103999,5.054194,5.574518
M,40,4.141272,0.168947,0.814596,2.754440,3.223925,4.141272,5.098170,5.621409
M,41,4.176121,0.168830,0.823515,2.776236,3.250704,4.176121,5.139457,5.665484
M,42,4.208687,0.168762,0.832200,2.796162,3.275466,4.208687,5.178219,5.706918
M,43,4.239106,0.168738,0.840664,2.814322,3.298328,4.239106,5.214610,5.745875
M,44,4.267506,0.168756,0.848915,2.830815,3.319397,4.267506,5.248776,5.782508
M,45,4.294006,0.168813,0.856965,2.845733,3.338776,4.294006,5.280853,5.816963
M,46,4.318720,0.168908,0.864821,2.859165,3.356563,4.318720,5.310968,5.849374
M,47,4.341753,0.169038,0.872493,2.871193,3.372847,4.341753,5.339243,5.879869
M,48,4.363206,0.169200,0.879988,2.881897,3.387717,4.363206,5.365790,5.908567
M,49,4.383173,0.169394,0.887313,2.891350,3.401252,4.383173,5.390714,5.935580
M,50,4.401742,0.169617,0.894475,2.899622,3.413529,4.401742,5.414117,5.961014
M,51,4.418998,0.169868,0.901481,2.906779,3.424621,4.418998,5.436092,5.984966
M,52,4.435018,0.170145,0.908338,2.912884,3.434596,4.435018,5.456727,6.007531
M,53,4.449876,0.170448,0.915050,2.917994,3.443518,4.449876,5.476104,6.028794
M,54,4.463643,0.170774,0.921623,2.922166,3.451447,4.463643,5.494301,6.048839
M,55,4.476383,0.171124,0.928062,2.925451,3.458440,4.476383,5.511393,6.067741
M,56,4.488159,0.171495,0.934373,2.927899,3.464552,4.488159,5.527447,6.085574
M,57,4.499027,0.171886,0.940560,2.929556,3.469832,4.499027,5.542528,6.102405
M,58,4.509044,0.172298,0.946627,2.930466,3.474329,4.509044,5.556698,6.118298
M,59,4.518261,0.172729,0.952578,2.930669,3.478087,4.518261,5.570014,6.133313
M,60,4.526726,0.173178,0.958418,2.930206,3.481150,4.526726,5.582529,6.147508
M,61,4.534484,0.173644,0.964149,2.929113,3.483556,4.534484,5.594295,6.160935
M,62,4.541580,0.174127,0.969777,2.927424,3.485344,4.541580,5.605360,6.173644
M,63,4.548054,0.174626,0.975303,2.925171,3.486550,4.548054,5.615768,6.185682
M,64,4.553944,0.175141,0.980732,2.922387,3.487207,4.553944,5.625563,6.197095
M,65,4.559287,0.175671,0.986065,2.919099,3.487347,4.559287,5.634783,6.207924
M,66,4.564116,0.176215,0.991308,2.915335,3.486999,4.564116,5.643468,6.218209
M,67,4.568464,0.176773,0.996461,2.911122,3.486192,4.568464,5.651653,6.227986
M,68,4.572361,0.177344,1.001528,2.906482,3.484953,4.572361,5.659371,6.237292
M,69,4.575836,0.177928,1.006511,2.901440,3.483306,4.575836,5.666653,6.246158
M,70,4.578916,0.178525,1.011413,2.896016,3.481276,4.578916,5.673531,6.254617
M,71,4.581627,0.179134,1.016237,2.890233,3.478885,4.581627,5.680033,6.262698
M,72,4.583992,0.179755,1.020983,2.884107,3.476154,4.583992,5.686184,6.270428
M,73,4.586035,0.180387,1.025655,2.877659,3.473102,4.586035,5.692010,6.277834
M,74,4.587777,0.181031,1.030255,2.870905,3.469750,4.587777,5.697535,6.284941
M,75,4.589238,0.181685,1.034784,2.863861,3.466115,4.589238,5.702782,6.291772
M,76,4.590438,0.182349,1.039245,2.856543,3.462213,4.590439,5.707771,6.298349
M,77,4.591396,0.183024,1.043639,2.848964,3.458060,4.591396,5.712523,6.304694
M,78,4.592127,0.183709,1.047968,2.841139,3.453672,4.592127,5.717056,6.310825
