sex,week,window_weeks,mode,observations,cats,p02,p09,p25,p50,p75,p91,p98
F,8,2,all_visits,441,440,0.635,0.721,0.816,0.971,1.179,1.406,1.6872
F,8,2,one_per_cat,440,440,0.635,0.721,0.816,0.9685,1.179,1.406,1.68812
F,9,2,all_visits,694,673,0.635,0.726,0.816,0.998,1.179,1.42049,1.678
F,9,2,one_per_cat,673,673,0.635,0.726,0.816,0.998,1.179,1.406,1.67404
F,10,2,all_visits,511,498,0.726,0.812,0.9775,1.12,1.27,1.4808,1.724
F,10,2,one_per_cat,498,498,0.726,0.81492,0.981,1.12,1.27,1.497,1.72508
F,11,2,all_visits,717,702,0.80248,0.953,1.089,1.238,1.451,1.64704,1.95
F,11,2,one_per_cat,702,702,0.79828,0.953,1.089,1.252,1.451,1.65019,1.95
F,12,2,all_visits,856,843,0.862,1.021,1.179,1.402,1.542,1.724,2.041
F,12,2,one_per_cat,843,843,0.862,1.039,1.179,1.402,1.542,1.724,2.04244
F,13,2,all_visits,864,848,0.962,1.089,1.27,1.4925,1.66,1.905,2.18736
F,13,2,one_per_cat,848,848,0.962,1.089,1.27,1.4835,1.66,1.905,2.19208
F,14,2,all_visits,946,922,0.998,1.21645,1.451,1.5965,1.842,2.041,2.359
F,14,2,one_per_cat,922,922,0.998,1.22401,1.451,1.592,1.842,2.041,2.359
F,15,2,all_visits,861,839,1.089,1.37,1.542,1.724,1.941,2.132,2.449
F,15,2,one_per_cat,839,839,1.089,1.338,1.52,1.724,1.928,2.132,2.449
F,16,2,all_visits,793,772,1.179,1.4344,1.615,1.86,2.041,2.25648,2.499
F,16,2,one_per_cat,772,772,1.179,1.438,1.61375,1.86,2.041,2.25549,2.499
F,17,2,all_visits,922,900,1.27,1.497,1.724,1.95,2.177,2.422,2.676
F,17,2,one_per_cat,900,900,1.27,1.497,1.724,1.95,2.177,2.422,2.676
F,18,2,all_visits,798,776,1.225,1.54857,1.79425,2.041,2.282,2.49608,2.812
F,18,2,one_per_cat,776,776,1.225,1.55775,1.79875,2.041,2.282,2.50125,2.812
F,19,2,all_visits,510,503,1.406,1.633,1.905,2.132,2.381,2.572,2.86538
F,19,2,one_per_cat,503,503,1.406,1.633,1.905,2.132,2.381,2.57038,2.86664
F,20,2,all_visits,433,424,1.49376,1.724,1.95,2.177,2.449,2.676,2.93968
F,20,2,one_per_cat,424,424,1.49214,1.724,1.95,2.177,2.449,2.676,2.94202
F,21,2,all_visits,576,567,1.479,1.86,2.087,2.359,2.573,2.836,3.039
F,21,2,one_per_cat,567,567,1.47576,1.86,2.087,2.359,2.574,2.8396,3.039
F,22,2,all_visits,546,526,1.5375,1.905,2.177,2.44,2.631,2.948,3.13
F,22,2,one_per_cat,526,526,1.542,1.905,2.177,2.449,2.631,2.948,3.1255
F,23,2,all_visits,302,292,1.678,1.96324,2.22525,2.495,2.702,2.99274,3.22062
F,23,2,one_per_cat,292,292,1.6699,1.96684,2.223,2.495,2.69225,2.97392,3.23558
F,24,2,all_visits,282,273,1.70652,2.041,2.258,2.499,2.767,2.948,3.25852
F,24,2,one_per_cat,273,273,1.69824,2.041,2.282,2.499,2.767,2.948,3.25924
F,25,2,all_visits,307,295,1.724,2.087,2.313,2.549,2.812,3.10102,3.402
F,25,2,one_per_cat,295,295,1.724,2.087,2.313,2.549,2.812,3.121,3.402
F,26,2,all_visits,299,287,1.79808,2.03524,2.313,2.585,2.903,3.15052,3.402
F,26,2,one_per_cat,287,287,1.78056,2.041,2.322,2.585,2.903,3.162,3.402
F,27,2,all_visits,214,205,1.905,2.087,2.359,2.631,2.994,3.221,3.4917
F,27,2,one_per_cat,205,205,1.905,2.087,2.359,2.631,2.994,3.221,3.48112
F,28,2,all_visits,132,130,1.95,2.21334,2.458,2.6855,2.994,3.31166,3.583
F,28,2,one_per_cat,130,130,1.95,2.24496,2.4615,2.6855,2.98825,3.31994,3.583
F,29,2,all_visits,121,120,1.9014,2.177,2.449,2.694,2.962,3.3274,3.7506
F,29,2,one_per_cat,120,120,1.89978,2.177,2.45575,2.6965,2.962,3.33073,3.75132
F,30,2,all_visits,111,107,1.879,2.177,2.5085,2.812,3.1255,3.3574,3.6956
F,30,2,one_per_cat,107,107,1.875,2.20184,2.54,2.812,3.1595,3.35884,3.70496
F,31,2,all_visits,92,90,1.919,2.24181,2.5355,2.812,3.08,3.36024,3.62306
F,31,2,one_per_cat,90,90,2.02118,2.322,2.55125,2.812,3.08,3.36096,3.62774
F,32,2,all_visits,49,48,2.04476,2.3734,2.631,2.812,2.994,3.50888,3.81364
F,32,2,one_per_cat,48,48,2.04214,2.36935,2.597,2.7965,2.994,3.51707,3.81546
F,33,2,all_visits,42,41,2.177,2.37579,2.631,2.869,3.13975,3.74721,3.95428
F,33,2,one_per_cat,41,41,2.177,2.3676,2.631,2.889,3.143,3.7554,3.9552
F,34,2,all_visits,68,68,2.1176,2.359,2.631,2.948,3.34275,3.76392,3.992
F,34,2,one_per_cat,68,68,2.1176,2.359,2.631,2.948,3.34275,3.76392,3.992
F,35,2,all_visits,76,75,2.132,2.40425,2.74,2.987,3.36475,3.92375,4.0915
F,35,2,one_per_cat,75,75,2.1302,2.40254,2.74,2.98,3.3545,3.8713,4.03772
F,36,2,all_visits,44,41,2.177,2.48483,2.6865,2.948,3.32125,3.99551,4.1686
F,36,2,one_per_cat,41,41,2.177,2.4554,2.708,2.948,3.311,3.9374,4.186
F,37,2,all_visits,23,23,2.177,2.33282,2.5855,2.903,3.214,3.41198,4.19052
F,37,2,one_per_cat,23,23,2.177,2.33282,2.5855,2.903,3.214,3.41198,4.19052
F,38,2,all_visits,34,33,1.99328,2.29631,2.631,2.896,3.193,3.54208,3.93136
F,38,2,one_per_cat,33,33,1.98512,2.28524,2.631,2.903,3.211,3.55432,3.93744
F,39,2,all_visits,56,55,1.8772,2.29975,2.6195,2.8535,3.211,3.83505,4.2711
F,39,2,one_per_cat,55,55,1.87456,2.2993,2.608,2.858,3.211,3.84774,4.27328
F,40,2,all_visits,50,48,1.99336,2.3795,2.649,2.86,3.20325,3.77445,4.2889
F,40,2,one_per_cat,48,48,1.98808,2.3705,2.62625,2.876,3.21575,3.78435,4.3027
F,41,2,all_visits,30,30,2.16832,2.48342,2.808,2.971,3.3035,3.46998,3.62368
F,41,2,one_per_cat,30,30,2.16832,2.48342,2.808,2.971,3.3035,3.46998,3.62368
F,42,2,all_visits,31,31,1.9596,2.117,2.615,2.948,3.232,3.4374,3.538
F,42,2,one_per_cat,31,31,1.9596,2.117,2.615,2.948,3.232,3.4374,3.538
F,43,2,all_visits,52,50,2.04182,2.16224,2.49225,2.9255,3.14025,3.74376,4.239
F,43,2,one_per_cat,50,50,2.0401,2.15576,2.56275,2.9435,3.16075,3.75024,4.24146
F,44,2,all_visits,46,44,2.131,2.2606,2.56275,2.9435,3.25475,3.86,4.2433
F,44,2,one_per_cat,44,44,2.127,2.25367,2.60825,2.9435,3.23225,3.778,4.24422
F,45,2,all_visits,26,26,2.207,2.37475,2.67625,3.016,3.529,3.9235,4.146
F,45,2,one_per_cat,26,26,2.207,2.37475,2.67625,3.016,3.529,3.9235,4.146
F,46,2,all_visits,28,28,2.2679,2.6955,2.90525,3.048,3.70325,3.9073,4.1487
F,46,2,one_per_cat,28,28,2.2679,2.6955,2.90525,3.048,3.70325,3.9073,4.1487
F,47,2,all_visits,36,35,2.295,2.76145,2.886,3.037,3.53575,3.88735,4.1217
F,47,2,one_per_cat,35,35,2.2932,2.75938,2.869,3.062,3.5515,3.89554,4.12188
F,48,2,all_visits,34,32,2.22894,2.31542,2.557,2.9435,3.3455,3.90373,4.1989
F,48,2,one_per_cat,32,32,2.22858,2.32116,2.591,2.9595,3.39775,3.92011,4.2083
F,49,2,all_visits,22,22,2.20966,2.23101,2.47425,2.6785,3.4255,3.67554,4.07428
F,49,2,one_per_cat,22,22,2.20966,2.23101,2.47425,2.6785,3.4255,3.67554,4.07428
F,50,2,all_visits,20,18,2.2912,2.46911,2.67075,3.107,3.45275,3.81871,4.173
F,50,2,one_per_cat,18,18,2.2816,2.46173,2.65025,3.041,3.4255,3.57807,4.00334
F,51,2,all_visits,22,21,2.0709,2.35251,2.624,2.996,3.34325,3.93092,4.173
F,51,2,one_per_cat,21,21,2.063,2.3472,2.599,2.994,3.302,3.701,4.0642
F,52,2,all_visits,170,167,2.30836,2.48667,2.6795,3.039,3.4895,3.93339,4.40548
F,52,2,one_per_cat,167,167,2.30704,2.47962,2.676,3.039,3.486,3.945,4.41172
F,53,2,all_visits,177,173,2.28068,2.45656,2.676,3.084,3.479,3.94632,4.39092
F,53,2,one_per_cat,173,173,2.31472,2.46904,2.676,3.084,3.479,3.95604,4.39924
F,54,2,all_visits,42,42,2.1559,2.33853,2.55125,3.037,3.50825,3.97613,4.57078
F,54,2,one_per_cat,42,42,2.1559,2.33853,2.55125,3.037,3.50825,3.97613,4.57078
F,55,2,all_visits,65,65,2.36404,2.495,2.699,3.071,3.588,4.50676,5.02932
F,55,2,one_per_cat,65,65,2.36404,2.495,2.699,3.071,3.588,4.50676,5.02932
F,56,2,all_visits,55,54,2.45228,2.5337,2.7965,3.211,3.7645,4.35786,4.891
F,56,2,one_per_cat,54,54,2.45146,2.52965,2.78875,3.1865,3.719,4.38927,4.893
F,57,2,all_visits,34,33,2.57276,2.80657,3.09325,3.4245,3.918,4.32247,5.02654
F,57,2,one_per_cat,33,33,2.57204,2.79028,3.121,3.447,3.951,4.36288,5.02816
F,58,2,all_visits,40,37,2.53528,2.73708,3.084,3.334,3.538,4.25455,5.01682
F,58,2,one_per_cat,37,37,2.52172,2.68092,3.084,3.311,3.52,4.28776,5.02168
F,59,2,all_visits,28,28,2.45674,2.6025,2.9435,3.1345,3.36825,3.94341,4.21684
F,59,2,one_per_cat,28,28,2.45674,2.6025,2.9435,3.1345,3.36825,3.94341,4.21684
F,60,2,all_visits,24,24,2.42012,2.58128,2.76675,3.064,3.59475,4.46559,4.91302
F,60,2,one_per_cat,24,24,2.42012,2.58128,2.76675,3.064,3.59475,4.46559,4.91302
F,61,2,all_visits,28,28,2.19086,2.37433,2.8125,3.207,3.58325,4.33491,4.88398
F,61,2,one_per_cat,28,28,2.19086,2.37433,2.8125,3.207,3.58325,4.33491,4.88398
F,62,2,all_visits,19,19,2.18024,2.36122,2.835,3.189,3.554,3.96384,4.09524
F,62,2,one_per_cat,19,19,2.18024,2.36122,2.835,3.189,3.554,3.96384,4.09524
F,63,2,all_visits,12,12,2.82212,2.85754,3.20625,3.513,3.7475,4.08145,4.3471
F,63,2,one_per_cat,12,12,2.82212,2.85754,3.20625,3.513,3.7475,4.08145,4.3471
F,64,2,all_visits,12,12,2.2366,2.7602,3.221,3.3795,3.62775,4.08145,4.3471
F,64,2,one_per_cat,12,12,2.2366,2.7602,3.221,3.3795,3.62775,4.08145,4.3471
F,65,2,all_visits,14,14,2.16942,2.43256,2.7705,3.1525,3.402,4.15973,4.49494
F,65,2,one_per_cat,14,14,2.16942,2.43256,2.7705,3.1525,3.402,4.15973,4.49494
F,66,2,all_visits,15,15,2.45104,2.62634,2.869,3.084,3.3815,4.11194,4.48832
F,66,2,one_per_cat,15,15,2.45104,2.62634,2.869,3.084,3.3815,4.11194,4.48832
F,67,2,all_visits,17,17,2.29532,2.449,2.88,3.171,3.357,3.56824,3.67836
F,67,2,one_per_cat,17,17,2.29532,2.449,2.88,3.171,3.357,3.56824,3.67836
F,68,2,all_visits,17,17,2.29532,2.449,2.812,3.329,3.538,3.82092,4.11656
F,68,2,one_per_cat,17,17,2.29532,2.449,2.812,3.329,3.538,3.82092,4.11656
F,69,2,all_visits,18,18,2.4136,2.60377,2.80225,3.005,3.77725,4.218,4.45758
F,69,2,one_per_cat,18,18,2.4136,2.60377,2.80225,3.005,3.77725,4.218,4.45758
F,70,2,all_visits,21,21,2.416,2.5344,2.812,3.098,3.252,4.218,4.4358
F,70,2,one_per_cat,21,21,2.416,2.5344,2.812,3.098,3.252,4.218,4.4358
F,71,2,all_visits,21,21,2.2836,2.5282,2.903,3.221,3.538,3.719,4.8896
F,71,2,one_per_cat,21,21,2.2836,2.5282,2.903,3.221,3.538,3.719,4.8896
F,72,2,all_visits,25,25,2.272,2.40144,2.799,2.989,3.719,3.94832,5.43048
F,72,2,one_per_cat,25,25,2.272,2.40144,2.799,2.989,3.719,3.94832,5.43048
F,73,2,all_visits,28,28,2.33528,2.42494,2.708,2.9075,3.47775,3.87461,4.92584
F,73,2,one_per_cat,28,28,2.33528,2.42494,2.708,2.9075,3.47775,3.87461,4.92584
F,74,2,all_visits,29,28,2.3964,2.51372,2.767,3.266,4.069,4.43956,5.256
F,74,2,one_per_cat,28,28,2.3936,2.55422,2.78425,3.2885,4.08375,4.46404,5.2805
F,75,2,all_visits,22,22,2.27112,2.49856,2.77575,3.0165,4.16175,4.73071,6.04756
F,75,2,one_per_cat,22,22,2.27112,2.49856,2.77575,3.0165,4.16175,4.73071,6.04756
F,76,2,all_visits,16,15,2.211,2.4665,2.725,2.971,3.7125,4.2479,5.566
F,76,2,one_per_cat,15,15,2.2042,2.488,2.769,2.994,3.851,4.25204,5.6032
F,77,2,all_visits,21,21,2.3896,2.4858,2.758,3.148,3.901,4.4816,5.475
F,77,2,one_per_cat,21,21,2.3896,2.4858,2.758,3.148,3.901,4.4816,5.475
F,78,2,all_visits,13,13,2.3848,2.4986,2.758,3.08,3.765,5.23592,5.5078
F,78,2,one_per_cat,13,13,2.3848,2.4986,2.758,3.08,3.765,5.23592,5.5078
F,8,4,all_visits,694,673,0.635,0.726,0.816,0.998,1.179,1.42049,1.678
F,8,4,one_per_cat,673,673,0.635,0.726,0.816,0.998,1.179,1.406,1.67404
F,9,4,all_visits,952,883,0.635,0.73,0.862,1.043,1.225,1.451,1.724
F,9,4,one_per_cat,883,883,0.635,0.726,0.862,1.043,1.225,1.451,1.724
F,10,4,all_visits,1411,1115,0.68,0.789,0.953,1.134,1.315,1.588,1.86
F,10,4,one_per_cat,1115,1115,0.68,0.794,0.953,1.129,1.277,1.542,1.769
F,11,4,all_visits,1367,1159,0.76488,0.93,1.089,1.261,1.479,1.678,1.96
F,11,4,one_per_cat,1159,1159,0.771,0.953,1.089,1.27,1.47,1.678,1.9952
F,12,4,all_visits,1581,1380,0.862,0.998,1.179,1.406,1.588,1.8374,2.1356
F,12,4,one_per_cat,1380,1380,0.862,0.998,1.179,1.406,1.588,1.851,2.13578
F,13,4,all_visits,1802,1482,0.953,1.089,1.27,1.497,1.701,1.95,2.21782
F,13,4,one_per_cat,1482,1482,0.953,1.089,1.27,1.497,1.678,1.95,2.223
F,14,4,all_visits,1725,1464,0.998,1.179,1.411,1.588,1.86,2.05756,2.359
F,14,4,one_per_cat,1464,1464,0.998,1.179,1.423,1.588,1.86,2.04397,2.359
F,15,4,all_visits,1739,1443,1.04204,1.27,1.497,1.701,1.95,2.177,2.449
F,15,4,one_per_cat,1443,1443,1.0472,1.279,1.497,1.701,1.95,2.177,2.449
F,16,4,all_visits,1783,1491,1.179,1.41252,1.601,1.86,2.087,2.32358,2.5868
F,16,4,one_per_cat,1491,1491,1.179,1.406,1.588,1.86,2.082,2.3175,2.631
F,17,4,all_visits,1591,1385,1.2118,1.451,1.685,1.941,2.177,2.4301,2.676
F,17,4,one_per_cat,1385,1385,1.179,1.451,1.701,1.941,2.177,2.422,2.676
F,18,4,all_visits,1432,1262,1.27,1.542,1.769,1.996,2.232,2.49105,2.812
F,18,4,one_per_cat,1262,1262,1.27,1.542,1.769,2.0,2.232,2.495,2.81112
F,19,4,all_visits,1231,1081,1.3074,1.601,1.878,2.087,2.359,2.5775,2.8466
F,19,4,one_per_cat,1081,1081,1.3134,1.6208,1.878,2.087,2.359,2.581,2.858
F,20,4,all_visits,1086,993,1.451,1.724,1.996,2.223,2.495,2.75215,2.994
F,20,4,one_per_cat,993,993,1.451,1.72512,1.996,2.223,2.495,2.7746,2.994
F,21,4,all_visits,979,903,1.497,1.82828,2.041,2.354,2.5605,2.858,3.084
F,21,4,one_per_cat,903,903,1.497,1.842,2.059,2.354,2.565,2.858,3.084
F,22,4,all_visits,878,801,1.55658,1.87765,2.118,2.39,2.631,2.903,3.084
F,22,4,one_per_cat,801,801,1.569,1.878,2.132,2.4,2.631,2.903,3.084
F,23,4,all_visits,828,757,1.57926,1.95,2.2,2.449,2.676,2.948,3.19012
F,23,4,one_per_cat,757,757,1.588,1.95,2.223,2.449,2.676,2.948,3.174
F,24,4,all_visits,609,561,1.68536,2.041,2.291,2.508,2.79,3.03612,3.35396
F,24,4,one_per_cat,561,561,1.6872,2.041,2.291,2.522,2.79,3.01,3.3344
F,25,4,all_visits,581,539,1.724,2.041,2.309,2.54,2.812,3.084,3.3774
F,25,4,one_per_cat,539,539,1.724,2.041,2.313,2.54,2.8165,3.084,3.402
F,26,4,all_visits,521,474,1.7572,2.087,2.341,2.585,2.903,3.148,3.402
F,26,4,one_per_cat,474,474,1.76158,2.087,2.341,2.583,2.903,3.162,3.402
F,27,4,all_visits,431,387,1.86,2.087,2.359,2.631,2.948,3.221,3.511
F,27,4,one_per_cat,387,387,1.86,2.087,2.359,2.631,2.955,3.221,3.5056
F,28,4,all_visits,335,298,1.905,2.087,2.402,2.672,2.9845,3.266,3.5524
F,28,4,one_per_cat,298,298,1.905,2.118,2.401,2.6355,2.98675,3.266,3.583
F,29,4,all_visits,243,222,1.911,2.177,2.49,2.767,2.998,3.357,3.62072
F,29,4,one_per_cat,222,222,1.93202,2.223,2.49125,2.783,3.021,3.357,3.59402
F,30,4,all_visits,213,201,1.919,2.18068,2.481,2.767,2.994,3.357,3.7266
F,30,4,one_per_cat,201,201,1.919,2.223,2.49,2.781,2.994,3.357,3.729
F,31,4,all_visits,160,152,1.919,2.24532,2.51525,2.812,3.08,3.37342,3.8019
F,31,4,one_per_cat,152,152,1.92162,2.30857,2.54,2.812,3.081,3.36838,3.76408
F,32,4,all_visits,134,125,2.00546,2.3103,2.5885,2.837,3.1185,3.44715,3.84094
F,32,4,one_per_cat,125,125,2.11096,2.322,2.599,2.839,3.13,3.447,3.81
F,33,4,all_visits,117,112,2.06184,2.359,2.631,2.862,3.143,3.7246,3.992
F,33,4,one_per_cat,112,112,2.07794,2.359,2.631,2.889,3.221,3.72936,3.992
F,34,4,all_visits,118,112,2.177,2.39742,2.673,2.9255,3.33125,3.87715,4.04276
F,34,4,one_per_cat,112,112,2.177,2.40386,2.66175,2.9255,3.30425,3.856,4.01306
F,35,4,all_visits,112,106,2.177,2.359,2.631,2.948,3.3415,3.90145,4.11194
F,35,4,one_per_cat,106,106,2.177,2.37295,2.64225,2.948,3.33125,3.88075,4.0514
F,36,4,all_visits,99,94,2.1734,2.38442,2.724,2.971,3.345,3.901,4.128
F,36,4,one_per_cat,94,94,2.1644,2.37047,2.716,2.9755,3.3485,3.88435,4.06522
F,37,4,all_visits,78,70,2.1563,2.33474,2.631,2.903,3.28325,3.901,4.12984
F,37,4,one_per_cat,70,70,2.1491,2.32178,2.631,2.903,3.28325,3.85012,4.08658
F,38,4,all_visits,79,76,1.93792,2.30036,2.608,2.871,3.211,3.82738,4.34184
F,38,4,one_per_cat,76,76,1.93,2.29875,2.584,2.88,3.211,3.80475,4.2275
F,39,4,all_visits,84,80,1.95112,2.318,2.631,2.88,3.211,3.71004,4.21006
F,39,4,one_per_cat,80,80,1.94056,2.318,2.631,2.88,3.21575,3.73452,4.21878
F,40,4,all_visits,86,81,1.8927,2.318,2.649,2.903,3.22525,3.6978,4.2057
F,40,4,one_per_cat,81,81,1.8886,2.318,2.631,2.903,3.23,3.7284,4.2166
F,41,4,all_visits,81,75,1.9596,2.3262,2.631,2.903,3.211,3.5344,4.2166
F,41,4,one_per_cat,75,75,1.98996,2.359,2.658,2.948,3.248,3.538,4.22968
F,42,4,all_visits,82,79,2.0239,2.22989,2.631,2.9435,3.21525,3.538,4.179
F,42,4,one_per_cat,79,79,2.0212,2.21882,2.6355,2.948,3.2435,3.538,4.185
F,43,4,all_visits,77,72,2.0194,2.21144,2.599,2.948,3.266,3.60636,4.189
F,43,4,one_per_cat,72,72,2.0149,2.19299,2.623,2.948,3.266,3.56545,4.199
F,44,4,all_visits,78,75,2.06314,2.21513,2.56275,2.9435,3.321,3.85663,4.20428
F,44,4,one_per_cat,75,75,2.06068,2.20406,2.631,2.948,3.304,3.79594,4.20836
F,45,4,all_visits,74,70,2.11184,2.31152,2.69425,2.994,3.4815,3.89983,4.20972
F,45,4,one_per_cat,70,70,2.10752,2.29856,2.69425,2.971,3.4815,3.86311,4.16084
F,46,4,all_visits,62,58,2.2518,2.47982,2.81775,3.037,3.5335,3.92395,4.12602
F,46,4,one_per_cat,58,58,2.2446,2.43734,2.81775,3.037,3.5335,3.89515,4.12674
F,47,4,all_visits,62,57,2.22498,2.36463,2.7855,2.994,3.5335,3.92395,4.1631
F,47,4,one_per_cat,57,57,2.22408,2.40952,2.799,2.994,3.538,3.9442,4.1676
F,48,4,all_visits,58,55,2.22426,2.33331,2.70025,2.994,3.46425,3.79817,4.12674
F,48,4,one_per_cat,55,55,2.22372,2.39682,2.7195,2.994,3.4815,3.82274,4.12728
F,49,4,all_visits,54,49,2.22354,2.32108,2.616,2.9845,3.4255,3.92193,4.173
F,49,4,one_per_cat,49,49,2.22208,2.34984,2.608,2.971,3.361,3.70908,4.1284
F,50,4,all_visits,44,41,2.1587,2.29116,2.48775,2.903,3.3825,3.71569,4.19834
F,50,4,one_per_cat,41,41,2.141,2.2728,2.481,2.903,3.361,3.6796,4.2092
F,51,4,all_visits,190,185,2.289,2.481,2.67725,3.0615,3.47675,3.94159,4.36388
F,51,4,one_per_cat,185,185,2.284,2.47088,2.676,3.039,3.47,3.91904,4.37428
F,52,4,all_visits,199,194,2.24764,2.449,2.676,3.039,3.4655,3.94686,4.34516
F,52,4,one_per_cat,194,194,2.293,2.449,2.676,3.039,3.45075,3.92683,4.35556
F,53,4,all_visits,212,207,2.261,2.449,2.675,3.039,3.49525,3.96923,4.45592
F,53,4,one_per_cat,207,207,2.30108,2.449,2.674,3.039,3.4905,3.97958,4.45732
F,54,4,all_visits,242,221,2.31228,2.48721,2.676,3.0775,3.51875,4.01371,4.817
F,54,4,one_per_cat,221,221,2.3166,2.4882,2.676,3.084,3.502,4.0092,4.799
F,55,4,all_visits,97,94,2.29956,2.47524,2.699,3.084,3.583,4.2802,4.91348
F,55,4,one_per_cat,94,94,2.29248,2.49185,2.71825,3.084,3.583,4.29235,4.92434
F,56,4,all_visits,99,92,2.44428,2.54,2.812,3.252,3.7645,4.49482,5.08
F,56,4,one_per_cat,92,92,2.42776,2.54,2.812,3.221,3.719,4.40863,5.08
F,57,4,all_visits,95,84,2.4382,2.56556,2.912,3.252,3.719,4.3333,5.00872
F,57,4,one_per_cat,84,84,2.4184,2.54423,2.83675,3.252,3.719,4.51512,5.02654
F,58,4,all_visits,62,57,2.54198,2.631,3.00525,3.3065,3.67375,4.16614,4.94598
F,58,4,one_per_cat,57,57,2.54108,2.631,2.948,3.302,3.538,4.1692,4.97008
F,59,4,all_visits,64,59,2.40606,2.61582,2.92325,3.3065,3.538,4.39921,5.05894
F,59,4,one_per_cat,59,59,2.38796,2.631,2.9165,3.302,3.538,4.46086,5.06704
F,60,4,all_visits,56,55,2.228,2.53545,2.86775,3.1845,3.46975,4.128,4.6944
F,60,4,one_per_cat,55,55,2.226,2.52726,2.8645,3.18,3.488,4.128,4.69892
F,61,4,all_visits,43,43,2.20856,2.51998,2.812,3.162,3.554,4.128,4.77508
F,61,4,one_per_cat,43,43,2.20856,2.51998,2.812,3.162,3.554,4.128,4.77508
F,62,4,all_visits,40,40,2.20502,2.51836,2.86775,3.357,3.668,4.27255,4.79686
F,62,4,one_per_cat,40,40,2.20502,2.51836,2.86775,3.357,3.668,4.27255,4.79686
F,63,4,all_visits,31,31,2.1302,2.3797,2.8805,3.302,3.595,4.0493,4.246
F,63,4,one_per_cat,31,31,2.1302,2.3797,2.8805,3.302,3.595,4.0493,4.246
F,64,4,all_visits,26,26,2.2455,2.62075,2.8635,3.3295,3.64325,4.207,4.502
F,64,4,one_per_cat,26,26,2.2455,2.62075,2.8635,3.3295,3.64325,4.207,4.502
F,65,4,all_visits,27,27,2.25184,2.6383,2.905,3.221,3.538,4.19152,4.49884
F,65,4,one_per_cat,27,27,2.25184,2.6383,2.905,3.221,3.538,4.19152,4.49884
F,66,4,all_visits,31,31,2.1686,2.4355,2.8195,3.171,3.3815,3.719,4.3824
F,66,4,one_per_cat,31,31,2.1686,2.4355,2.8195,3.171,3.3815,3.719,4.3824
F,67,4,all_visits,32,31,2.33522,2.449,2.8465,3.1275,3.439,3.96757,4.37578
F,67,4,one_per_cat,31,31,2.3316,2.449,2.835,3.084,3.404,3.7736,4.3632
F,68,4,all_visits,35,33,2.34336,2.449,2.835,3.084,3.3835,4.19898,4.33416
F,68,4,one_per_cat,33,33,2.33628,2.44792,2.812,3.062,3.406,4.218,4.34868
F,69,4,all_visits,38,38,2.35398,2.449,2.812,3.13,3.39375,4.11339,4.31238
F,69,4,one_per_cat,38,38,2.35398,2.449,2.812,3.13,3.39375,4.11339,4.31238
F,70,4,all_visits,39,39,2.352,2.48956,2.812,3.13,3.538,4.218,4.84236
F,70,4,one_per_cat,39,39,2.352,2.48956,2.812,3.13,3.538,4.218,4.84236
F,71,4,all_visits,46,45,2.335,2.41055,2.80225,3.08,3.538,4.2067,5.2209
F,71,4,one_per_cat,45,45,2.332,2.40864,2.799,3.098,3.538,4.218,5.23088
F,72,4,all_visits,49,47,2.31328,2.42468,2.767,3.098,3.538,3.719,5.19096
F,72,4,one_per_cat,47,47,2.30856,2.41586,2.758,3.098,3.538,3.719,5.21092
F,73,4,all_visits,54,51,2.31992,2.44673,2.77275,3.1775,3.719,4.37156,5.64006
F,73,4,one_per_cat,51,51,2.318,2.4335,2.7785,3.311,3.719,4.445,5.67
F,74,4,all_visits,50,46,2.31382,2.47317,2.767,2.939,3.69125,4.46948,5.94564
F,74,4,one_per_cat,46,46,2.2971,2.5006,2.768,2.971,3.7135,4.5674,5.9602
F,75,4,all_visits,45,41,2.29292,2.49352,2.767,3.089,4.069,4.31988,5.96384
F,75,4,one_per_cat,41,41,2.2762,2.4802,2.767,3.089,3.674,4.4178,5.9784
F,76,4,all_visits,43,40,2.31144,2.495,2.769,3.089,4.128,4.75062,5.97112
F,76,4,one_per_cat,40,40,2.29698,2.495,2.77,3.0845,4.08375,4.95879,5.98204
F,77,4,all_visits,29,28,2.24396,2.47292,2.758,2.994,3.765,4.78624,5.80648
F,77,4,one_per_cat,28,28,2.23914,2.46878,2.76475,3.037,3.799,4.88416,5.81782
F,78,4,all_visits,21,21,2.3896,2.4858,2.758,3.148,3.901,4.4816,5.475
F,78,4,one_per_cat,21,21,2.3896,2.4858,2.758,3.148,3.901,4.4816,5.475
F,8,8,all_visits,1411,1115,0.68,0.789,0.953,1.134,1.315,1.588,1.86
F,8,8,one_per_cat,1115,1115,0.635,0.771,0.912,1.089,1.27,1.53862,1.74848
F,9,8,all_visits,1808,1294,0.68,0.816,0.998,1.179,1.451,1.633,1.905
F,9,8,one_per_cat,1294,1294,0.67748,0.771,0.953,1.134,1.315,1.56,1.83122
F,10,8,all_visits,2275,1564,0.70992,0.816,1.043,1.27,1.529,1.724,2.0846
F,10,8,one_per_cat,1564,1564,0.69394,0.816,0.998,1.179,1.451,1.724,2.041
F,11,8,all_visits,2754,1693,0.726,0.862,1.089,1.315,1.588,1.87892,2.15876
F,11,8,one_per_cat,1693,1693,0.771,0.953,1.089,1.288,1.542,1.801,2.177
F,12,8,all_visits,3136,1786,0.726,0.88,1.128,1.422,1.66,1.95,2.2152
F,12,8,one_per_cat,1786,1786,0.794,0.998,1.179,1.429,1.633,1.905,2.177
F,13,8,all_visits,3106,1811,0.816,1.0138,1.225,1.529,1.769,2.068,2.359
F,13,8,one_per_cat,1811,1811,0.939,1.08,1.27,1.497,1.724,1.996,2.3508
F,14,8,all_visits,3364,1977,0.9493,1.089,1.33275,1.619,1.905,2.177,2.495
F,14,8,one_per_cat,1977,1977,0.97308,1.139,1.406,1.628,1.905,2.177,2.499
F,15,8,all_visits,3393,2003,0.99512,1.179,1.451,1.678,1.996,2.25,2.572
F,15,8,one_per_cat,2003,2003,1.021,1.225,1.451,1.692,1.962,2.223,2.54
F,16,8,all_visits,3157,1953,1.043,1.27,1.51,1.769,2.059,2.359,2.631
F,16,8,one_per_cat,1953,1953,1.089,1.315,1.542,1.769,2.05,2.3556,2.631
F,17,8,all_visits,2970,1900,1.089,1.406,1.588,1.891,2.132,2.44711,2.699
F,17,8,one_per_cat,1900,1900,1.134,1.42,1.633,1.905,2.15,2.449,2.6761
F,18,8,all_visits,2869,1998,1.225,1.451,1.701,1.996,2.25,2.54,2.88828
F,18,8,one_per_cat,1998,1998,1.225,1.497,1.724,1.996,2.313,2.581,2.903
F,19,8,all_visits,2570,1911,1.27,1.542,1.792,2.082,2.359,2.631,2.98716
F,19,8,one_per_cat,1911,1911,1.2898,1.5681,1.86,2.087,2.395,2.631,2.994
F,20,8,all_visits,2310,1774,1.3299,1.601,1.905,2.141,2.449,2.676,2.994
F,20,8,one_per_cat,1774,1774,1.406,1.633,1.905,2.177,2.449,2.70687,2.99886
F,21,8,all_visits,2059,1623,1.406,1.678,1.96,2.223,2.499,2.812,3.039
F,21,8,one_per_cat,1623,1623,1.451,1.719,1.996,2.25,2.54,2.812,3.039
F,22,8,all_visits,1695,1367,1.49592,1.81828,2.041,2.359,2.599,2.903,3.13
F,22,8,one_per_cat,1367,1367,1.52704,1.86,2.087,2.359,2.622,2.903,3.14224
F,23,8,all_visits,1560,1291,1.57242,1.891,2.132,2.404,2.631,2.98,3.24642
F,23,8,one_per_cat,1291,1291,1.5842,1.905,2.15,2.422,2.6515,2.971,3.253
F,24,8,all_visits,1399,1157,1.588,1.905,2.177,2.449,2.731,2.994,3.30236
F,24,8,one_per_cat,1157,1157,1.588,1.92852,2.177,2.472,2.749,2.994,3.302
F,25,8,all_visits,1259,1040,1.6402,1.996,2.25,2.499,2.799,3.039,3.357
F,25,8,one_per_cat,1040,1040,1.6319,1.996,2.291,2.5035,2.799,3.04341,3.361
F,26,8,all_visits,944,780,1.72744,2.041,2.31675,2.549,2.858,3.13,3.402
F,26,8,one_per_cat,780,780,1.724,2.041,2.31675,2.549,2.858,3.12901,3.402
F,27,8,all_visits,824,686,1.80928,2.087,2.359,2.599,2.903,3.21009,3.4907
F,27,8,one_per_cat,686,686,1.7791,2.087,2.359,2.6035,2.903,3.221,3.4895
F,28,8,all_visits,734,611,1.86,2.087,2.37125,2.631,2.948,3.25215,3.50812
F,28,8,one_per_cat,611,611,1.8734,2.1158,2.39,2.631,2.948,3.266,3.5002
F,29,8,all_visits,591,493,1.86,2.118,2.404,2.676,2.994,3.3007,3.583
F,29,8,one_per_cat,493,493,1.90276,2.132,2.404,2.676,2.994,3.302,3.583
F,30,8,all_visits,469,394,1.905,2.13416,2.449,2.74,2.994,3.311,3.719
F,30,8,one_per_cat,394,394,1.91774,2.15666,2.449,2.69,2.994,3.30767,3.719
F,31,8,all_visits,360,314,1.95,2.23416,2.495,2.812,3.081,3.447,3.84772
F,31,8,one_per_cat,314,314,1.95832,2.3,2.495,2.812,3.084,3.44547,3.84404
F,32,8,all_visits,331,296,1.95,2.3076,2.531,2.812,3.139,3.583,3.992
F,32,8,one_per_cat,296,296,1.95,2.3202,2.54,2.828,3.13225,3.47945,3.9101
F,33,8,all_visits,272,245,2.01056,2.31956,2.585,2.862,3.221,3.719,3.992
F,33,8,one_per_cat,245,245,2.04184,2.3268,2.585,2.862,3.221,3.58376,3.992
F,34,8,all_visits,233,210,2.07368,2.33432,2.622,2.898,3.252,3.719,4.00172
F,34,8,one_per_cat,210,210,2.1032,2.359,2.62425,2.8935,3.2475,3.62423,3.992
F,35,8,all_visits,195,172,2.08256,2.34658,2.631,2.898,3.25,3.81972,4.06376
F,35,8,one_per_cat,172,172,2.06554,2.37109,2.631,2.9005,3.266,3.79245,4.00766
F,36,8,all_visits,197,170,2.07972,2.32952,2.631,2.903,3.266,3.8722,4.13528
F,36,8,one_per_cat,170,170,2.03058,2.359,2.631,2.903,3.28325,3.85012,4.10026
F,37,8,all_visits,196,170,2.0779,2.34865,2.631,2.903,3.266,3.856,4.1361
F,37,8,one_per_cat,170,170,2.03058,2.32178,2.63325,2.9255,3.28325,3.828,4.10026
F,38,8,all_visits,185,160,1.99152,2.359,2.676,2.921,3.302,3.84032,4.14512
F,38,8,one_per_cat,160,160,1.98452,2.32358,2.631,2.9345,3.3415,3.828,4.13128
F,39,8,all_visits,159,137,1.996,2.32196,2.631,2.903,3.266,3.82118,4.16644
F,39,8,one_per_cat,137,137,1.97052,2.32232,2.631,2.903,3.266,3.7838,4.14348
F,40,8,all_visits,161,144,1.996,2.2718,2.631,2.903,3.211,3.7368,4.2594
F,40,8,one_per_cat,144,144,1.98326,2.29032,2.631,2.921,3.22325,3.74499,4.24422
F,41,8,all_visits,161,142,1.996,2.2926,2.631,2.903,3.221,3.707,4.2274
F,41,8,one_per_cat,142,142,2.01652,2.29845,2.631,2.93,3.257,3.73303,4.24514
F,42,8,all_visits,164,147,1.996,2.29368,2.631,2.921,3.266,3.77556,4.22332
F,42,8,one_per_cat,147,147,2.0374,2.31926,2.631,2.948,3.293,3.79252,4.24284
F,43,8,all_visits,155,140,1.9996,2.31478,2.64,2.948,3.268,3.79882,4.23556
F,43,8,one_per_cat,140,140,2.07298,2.359,2.676,2.9825,3.3415,3.80337,4.24606
F,44,8,all_visits,144,131,2.07626,2.32635,2.75575,2.9825,3.35325,3.77085,4.14548
F,44,8,one_per_cat,131,131,2.0656,2.3255,2.7695,2.994,3.3725,3.765,4.1538
F,45,8,all_visits,139,125,2.07216,2.27244,2.631,2.948,3.345,3.83668,4.18932
F,45,8,one_per_cat,125,125,2.06068,2.29532,2.64,2.948,3.357,3.8028,4.15764
F,46,8,all_visits,136,123,2.0855,2.2638,2.631,2.948,3.37125,3.8491,4.1934
F,46,8,one_per_cat,123,123,2.0842,2.28982,2.6355,2.971,3.4245,3.81092,4.15892
F,47,8,all_visits,128,113,2.16044,2.31972,2.64,2.994,3.45275,3.92665,4.20428
F,47,8,one_per_cat,113,113,2.14964,2.32496,2.676,2.994,3.447,3.86428,4.16532
F,48,8,all_visits,106,94,2.2023,2.3414,2.67725,2.994,3.48725,3.901,4.173
F,48,8,one_per_cat,94,94,2.18418,2.359,2.6855,2.994,3.46425,3.83898,4.1343
F,49,8,all_visits,252,238,2.232,2.449,2.68775,3.039,3.493,3.94364,4.34036
F,49,8,one_per_cat,238,238,2.22966,2.45197,2.69225,3.039,3.47675,3.901,4.34438
F,50,8,all_visits,257,245,2.22408,2.449,2.676,3.039,3.47,3.901,4.33716
F,50,8,one_per_cat,245,245,2.23092,2.449,2.676,3.039,3.47,3.901,4.34256
F,51,8,all_visits,266,253,2.2257,2.449,2.6615,3.039,3.48575,3.97245,4.4411
F,51,8,one_per_cat,253,253,2.23272,2.449,2.658,3.039,3.47,3.95064,4.44448
F,52,8,all_visits,286,260,2.2293,2.449,2.65125,3.0435,3.493,3.99515,4.799
F,52,8,one_per_cat,260,260,2.23524,2.449,2.65575,3.039,3.48125,3.992,4.75976
F,53,8,all_visits,287,259,2.286,2.47502,2.6785,3.084,3.5175,4.04902,4.799
F,53,8,one_per_cat,259,259,2.30144,2.46306,2.676,3.062,3.4905,3.99902,4.76412
F,54,8,all_visits,298,263,2.30846,2.49365,2.73775,3.098,3.5485,4.173,4.905
F,54,8,one_per_cat,263,263,2.30996,2.48622,2.6945,3.084,3.5175,4.05334,4.76516
F,55,8,all_visits,307,262,2.30948,2.495,2.7645,3.112,3.538,4.11526,4.887
F,55,8,one_per_cat,262,262,2.30988,2.49245,2.69225,3.084,3.51175,4.02191,4.799
F,56,8,all_visits,304,257,2.32254,2.51421,2.767,3.112,3.538,4.14307,4.893
F,56,8,one_per_cat,257,257,2.32308,2.50892,2.699,3.098,3.493,4.04036,4.887
F,57,8,all_visits,161,138,2.314,2.5208,2.812,3.221,3.583,4.336,5.0638
F,57,8,one_per_cat,138,138,2.31196,2.49929,2.781,3.2005,3.538,4.33915,5.08
F,58,8,all_visits,155,134,2.31904,2.54,2.821,3.221,3.6535,4.36492,5.07352
F,58,8,one_per_cat,134,134,2.3163,2.50761,2.812,3.205,3.57175,4.35811,5.08
F,59,8,all_visits,138,122,2.32762,2.54297,2.858,3.232,3.685,4.29415,5.02006
F,59,8,one_per_cat,122,122,2.32346,2.54,2.83225,3.223,3.685,4.36907,5.04598
F,60,8,all_visits,102,94,2.31882,2.58914,2.903,3.311,3.702,4.17174,4.99418
F,60,8,one_per_cat,94,94,2.304,2.60202,2.903,3.3065,3.702,4.24203,5.01034
F,61,8,all_visits,95,89,2.21092,2.585,2.903,3.302,3.554,4.14474,5.00872
F,61,8,one_per_cat,89,89,2.20384,2.58468,2.903,3.302,3.57,4.14608,5.01844
F,62,8,all_visits,82,78,2.19558,2.54928,2.86125,3.223,3.538,4.128,4.63268
F,62,8,one_per_cat,78,78,2.19086,2.53363,2.86125,3.221,3.538,4.128,4.59496
F,63,8,all_visits,70,66,2.18142,2.54672,2.858,3.205,3.562,4.128,4.66532
F,63,8,one_per_cat,66,66,2.1767,2.52635,2.858,3.18,3.538,4.128,4.6492
F,64,8,all_visits,71,67,2.1826,2.449,2.858,3.225,3.554,4.128,4.6626
F,64,8,one_per_cat,67,67,2.17788,2.4463,2.858,3.221,3.554,4.128,4.67348
F,65,8,all_visits,63,59,2.17316,2.449,2.858,3.225,3.554,4.05422,4.38148
F,65,8,one_per_cat,59,59,2.16844,2.449,2.835,3.221,3.513,4.01104,4.39532
F,66,8,all_visits,61,57,2.2584,2.449,2.858,3.221,3.57,4.218,4.5494
F,66,8,one_per_cat,57,57,2.24424,2.449,2.858,3.171,3.57,4.2124,4.56204
F,67,8,all_visits,65,60,2.27256,2.449,2.858,3.221,3.456,4.218,4.53676
F,67,8,one_per_cat,60,60,2.25486,2.449,2.8465,3.196,3.4765,4.1746,4.55256
F,68,8,all_visits,70,66,2.20874,2.44189,2.812,3.1505,3.447,4.15143,4.581
F,68,8,one_per_cat,66,66,2.2069,2.43535,2.80225,3.1505,3.447,3.94855,4.581
F,69,8,all_visits,78,72,2.29158,2.43783,2.812,3.091,3.538,4.218,4.8524
F,69,8,one_per_cat,72,72,2.27634,2.42109,2.799,3.114,3.538,4.12986,4.9232
F,70,8,all_visits,84,77,2.2857,2.44423,2.799,3.091,3.46975,3.94923,4.87136
F,70,8,one_per_cat,77,77,2.28904,2.44756,2.799,3.13,3.538,4.02816,4.93492
F,71,8,all_visits,92,85,2.3009,2.449,2.79675,3.13,3.671,4.218,5.26082
F,71,8,one_per_cat,85,85,2.30936,2.449,2.799,3.221,3.697,4.23824,5.33068
F,72,8,all_visits,89,80,2.28968,2.45656,2.771,3.039,3.674,4.2676,5.73528
F,72,8,one_per_cat,80,80,2.26844,2.46603,2.79675,3.114,3.719,4.30405,5.78424
F,73,8,all_visits,91,79,2.2944,2.4499,2.769,3.089,3.6855,4.264,5.7244
F,73,8,one_per_cat,79,79,2.26608,2.44918,2.7945,3.13,3.708,4.3081,5.78968
F,74,8,all_visits,92,81,2.29676,2.46503,2.767,3.0935,3.7025,4.30045,5.71896
F,74,8,one_per_cat,81,81,2.2708,2.4958,2.771,3.13,3.719,4.5266,5.7788
F,75,8,all_visits,83,74,2.27552,2.45242,2.7625,3.08,3.719,4.47764,5.76792
F,75,8,one_per_cat,74,74,2.25428,2.47909,2.768,3.139,3.719,4.63948,5.81688
F,76,8,all_visits,71,63,2.3308,2.4691,2.7625,2.994,3.742,4.4994,5.788
F,76,8,one_per_cat,63,63,2.35,2.495,2.769,3.08,3.742,4.63812,5.8496
F,77,8,all_visits,58,53,2.32248,2.495,2.76025,3.0845,3.867,4.54564,5.8881
F,77,8,one_per_cat,53,53,2.35396,2.495,2.767,3.089,3.765,4.62452,5.9266
F,78,8,all_visits,43,40,2.31144,2.495,2.769,3.089,4.128,4.75062,5.97112
F,78,8,one_per_cat,40,40,2.29698,2.495,2.77,3.0845,4.08375,4.95879,5.98204
M,8,2,all_visits,410,407,0.49972,0.63234,0.727,0.953,1.161,1.48242,1.73948
M,8,2,one_per_cat,407,407,0.49948,0.635,0.728,0.953,1.1655,1.48728,1.74032
M,9,2,all_visits,603,583,0.5034,0.635,0.771,0.998,1.188,1.50838,1.769
M,9,2,one_per_cat,583,583,0.503,0.635,0.771,0.998,1.1975,1.51,1.769
M,10,2,all_visits,400,390,0.6349,0.771,0.998,1.179,1.37,1.588,1.95038
M,10,2,one_per_cat,390,390,0.635,0.78014,0.998,1.179,1.37,1.588,1.95418
M,11,2,all_visits,552,540,0.72672,0.95995,1.13775,1.315,1.542,1.86,2.177
M,11,2,one_per_cat,540,540,0.726,0.971,1.161,1.315,1.542,1.86,2.177
M,12,2,all_visits,705,683,0.84912,1.05268,1.27,1.497,1.719,2.087,2.495
M,12,2,one_per_cat,683,683,0.862,1.06442,1.27,1.497,1.7215,2.087,2.50472
M,13,2,all_visits,754,744,0.9753,1.179,1.451,1.633,1.95,2.29615,2.631
M,13,2,one_per_cat,744,744,0.9793,1.179,1.451,1.633,1.95,2.3,2.631
M,14,2,all_visits,765,750,1.0714,1.27,1.56,1.801,2.087,2.404,2.767
M,14,2,one_per_cat,750,750,1.06982,1.27,1.56,1.792,2.082,2.404,2.76746
M,15,2,all_visits,681,666,1.179,1.4708,1.701,1.95,2.177,2.531,2.876
M,15,2,one_per_cat,666,666,1.179,1.46865,1.701,1.95,2.177,2.54,2.8895
M,16,2,all_visits,681,654,1.424,1.633,1.905,2.087,2.409,2.812,3.1428
M,16,2,one_per_cat,654,654,1.424,1.633,1.905,2.087,2.4265,2.812,3.16008
M,17,2,all_visits,795,770,1.424,1.67314,1.982,2.291,2.5445,2.994,3.266
M,17,2,one_per_cat,770,770,1.424,1.678,1.982,2.293,2.54,2.994,3.266
M,18,2,all_visits,683,662,1.415,1.728,2.087,2.4,2.674,3.048,3.447
M,18,2,one_per_cat,662,662,1.41698,1.74368,2.087,2.4,2.672,3.04359,3.4371
M,19,2,all_visits,419,407,1.64272,1.905,2.2045,2.495,2.858,3.221,3.538
M,19,2,one_per_cat,407,407,1.66216,1.91972,2.2185,2.495,2.878,3.221,3.538
M,20,2,all_visits,328,322,1.724,1.996,2.359,2.676,2.994,3.357,3.65902
M,20,2,one_per_cat,322,322,1.724,1.996,2.359,2.6695,2.994,3.357,3.66346
M,21,2,all_visits,473,464,1.69824,2.041,2.449,2.858,3.211,3.64008,3.992
M,21,2,one_per_cat,464,464,1.68996,2.041,2.449,2.858,3.221,3.64662,3.992
M,22,2,all_visits,419,409,1.724,2.1149,2.5605,2.948,3.266,3.719,4.0402
M,22,2,one_per_cat,409,409,1.724,2.087,2.549,2.948,3.266,3.719,4.0412
M,23,2,all_visits,215,209,1.92292,2.449,2.676,3.048,3.32,3.81,4.16796
M,23,2,one_per_cat,209,209,1.97332,2.449,2.681,3.048,3.329,3.81504,4.17012
M,24,2,all_visits,222,213,2.01112,2.449,2.812,3.0935,3.4815,3.81,4.354
M,24,2,one_per_cat,213,213,2.03416,2.449,2.812,3.13,3.511,3.81,4.354
M,25,2,all_visits,222,215,2.03578,2.44603,2.858,3.266,3.583,3.99695,4.445
M,25,2,one_per_cat,215,215,2.03452,2.42902,2.858,3.266,3.5855,4.0253,4.445
M,26,2,all_visits,198,193,2.1293,2.47236,2.903,3.311,3.7645,4.25378,4.46992
M,26,2,one_per_cat,193,193,2.1248,2.49752,2.903,3.357,3.81,4.26008,4.47312
M,27,2,all_visits,138,137,2.31168,2.58665,2.994,3.3905,3.81,4.30603,4.50806
M,27,2,one_per_cat,137,137,2.30804,2.5862,2.994,3.379,3.81,4.30684,4.50868
M,28,2,all_visits,87,86,2.48932,2.812,3.266,3.57,3.953,4.4117,4.71576
M,28,2,one_per_cat,86,86,2.4857,2.812,3.266,3.554,3.93475,4.41575,4.7221
M,29,2,all_visits,75,72,2.64224,3.013,3.4245,3.719,4.0985,4.53942,4.95804
M,29,2,one_per_cat,72,72,2.62946,2.9995,3.43575,3.742,4.13125,4.55643,4.95966
M,30,2,all_visits,80,78,2.66354,2.99144,3.266,3.801,4.0735,4.4855,5.01836
M,30,2,one_per_cat,78,78,2.65502,2.97587,3.27725,3.81,4.1185,4.49289,5.02668
M,31,2,all_visits,75,68,2.80524,2.91488,3.2525,3.765,4.0305,4.46064,5.06984
M,31,2,one_per_cat,68,68,2.85642,3.084,3.29975,3.7875,4.04425,4.48962,5.10722
M,32,2,all_visits,37,34,2.82856,2.9378,3.357,3.901,4.354,4.61596,4.90272
M,32,2,one_per_cat,34,34,2.82718,3.04365,3.3625,3.833,4.3315,4.62793,4.93266
M,33,2,all_visits,27,26,2.6688,3.04082,3.4745,3.901,4.284,4.5244,4.60308
M,33,2,one_per_cat,26,26,2.914,3.22425,3.56975,3.901,4.2965,4.537,4.604
M,34,2,all_visits,50,48,2.74282,3.05993,3.48825,3.8785,4.29875,4.54941,4.7357
M,34,2,one_per_cat,48,48,2.73046,3.01079,3.46425,3.8125,4.309,4.56723,4.7731
M,35,2,all_visits,57,55,2.75116,2.9976,3.583,3.901,4.491,4.717,5.51156
M,35,2,one_per_cat,55,55,2.75044,2.98126,3.563,3.901,4.491,4.72344,5.53404
M,36,2,all_visits,38,37,2.61904,3.0237,3.602,3.935,4.7125,5.05921,5.69106
M,36,2,one_per_cat,37,37,2.61812,3.0156,3.602,3.901,4.699,5.06488,5.69968
M,37,2,all_visits,32,32,2.75426,3.30933,3.6695,4.1955,4.6325,5.08,5.54624
M,37,2,one_per_cat,32,32,2.75426,3.30933,3.6695,4.1955,4.6325,5.08,5.54624
M,38,2,all_visits,25,25,2.98856,3.357,3.701,4.173,4.445,4.79056,5.45752
M,38,2,one_per_cat,25,25,2.98856,3.357,3.701,4.173,4.445,4.79056,5.45752
M,39,2,all_visits,29,28,3.21708,3.357,3.67,3.946,4.672,5.07324,5.92568
M,39,2,one_per_cat,28,28,3.21072,3.357,3.62575,3.901,4.706,5.10591,5.93112
M,40,2,all_visits,28,28,3.21072,3.3957,3.673,4.0755,4.64125,4.956,5.63736
M,40,2,one_per_cat,28,28,3.21072,3.3957,3.673,4.0755,4.64125,4.956,5.63736
M,41,2,all_visits,16,16,3.5286,3.75085,3.959,4.264,4.38825,4.7168,4.9282
M,41,2,one_per_cat,16,16,3.5286,3.75085,3.959,4.264,4.38825,4.7168,4.9282
M,42,2,all_visits,15,14,3.35744,3.89432,4.119,4.282,4.724,5.33354,5.66432
M,42,2,one_per_cat,14,14,3.34348,3.88244,4.1145,4.273,4.6685,5.39902,5.66794
M,43,2,all_visits,30,30,2.94366,3.12651,3.7305,4.3315,4.68775,5.26804,5.6889
M,43,2,one_per_cat,30,30,2.94366,3.12651,3.7305,4.3315,4.68775,5.26804,5.6889
M,44,2,all_visits,34,33,2.75046,3.07004,3.5495,4.146,4.5585,5.08054,5.31954
M,44,2,one_per_cat,33,33,2.74684,3.06716,3.493,4.119,4.491,5.08216,5.33016
M,45,2,all_visits,15,15,2.8214,3.33466,3.7425,4.119,4.756,5.12366,5.139
M,45,2,one_per_cat,15,15,2.8214,3.33466,3.7425,4.119,4.756,5.12366,5.139
M,46,2,all_visits,13,13,3.29864,3.42344,3.81,4.432,4.808,5.12308,5.26668
M,46,2,one_per_cat,13,13,3.29864,3.42344,3.81,4.432,4.808,5.12308,5.26668
M,47,2,all_visits,25,24,2.77532,3.28776,3.81,4.432,4.899,5.42156,5.56604
M,47,2,one_per_cat,24,24,2.77214,3.27552,3.81,4.391,4.889,5.43137,5.56658
M,48,2,all_visits,25,24,2.77532,3.46728,3.851,4.586,4.899,5.57468,6.25184
M,48,2,one_per_cat,24,24,2.77214,3.43056,3.84075,4.5925,5.00675,5.57711,6.26918
M,49,2,all_visits,13,12,3.81,3.81328,3.992,4.359,4.631,5.71468,6.45992
M,49,2,one_per_cat,12,12,3.81,3.81,3.95675,4.4725,4.65375,5.80967,6.47726
M,50,2,all_visits,12,12,3.45298,3.53691,3.92925,4.375,4.88425,5.3888,6.0664
M,50,2,one_per_cat,12,12,3.45298,3.53691,3.92925,4.375,4.88425,5.3888,6.0664
M,51,2,all_visits,16,15,3.4509,3.5146,3.993,4.2865,5.08825,5.50935,6.0557
M,51,2,one_per_cat,15,15,3.44944,3.51136,3.985,4.391,5.1415,5.52726,6.06932
M,52,2,all_visits,150,144,2.59746,3.2374,3.818,4.3315,4.899,5.56219,6.169
M,52,2,one_per_cat,144,144,2.62652,3.2558,3.793,4.354,4.94,5.58017,6.169
M,53,2,all_visits,165,156,2.60796,3.19924,3.729,4.309,4.853,5.45076,6.169
M,53,2,one_per_cat,156,156,2.6328,3.259,3.73875,4.354,4.899,5.4905,6.169
M,54,2,all_visits,35,32,3.08936,3.56202,3.9235,4.354,4.6785,5.07754,5.13576
M,54,2,one_per_cat,32,32,3.08174,3.68393,3.98025,4.354,4.73425,5.08378,5.14284
M,55,2,all_visits,38,38,3.37094,3.67697,3.992,4.4365,4.79675,5.09206,6.34036
M,55,2,one_per_cat,38,38,3.37094,3.67697,3.992,4.4365,4.79675,5.09206,6.34036
M,56,2,all_visits,37,36,3.0876,3.58756,3.765,4.432,4.808,5.34552,6.34308
M,56,2,one_per_cat,36,36,3.0875,3.58585,3.765,4.341,4.80125,5.30325,6.3458
M,57,2,all_visits,20,19,3.28084,3.68507,3.80775,4.4955,5.2005,5.61532,6.26
M,57,2,one_per_cat,19,19,3.27048,3.67454,3.8055,4.491,5.0395,5.69704,6.26
M,58,2,all_visits,16,16,3.2634,3.39045,3.78725,4.3295,4.749,5.23015,5.9606
M,58,2,one_per_cat,16,16,3.2634,3.39045,3.78725,4.3295,4.749,5.23015,5.9606
M,59,2,all_visits,19,19,3.26748,3.45174,3.665,4.3,4.663,5.29146,5.98208
M,59,2,one_per_cat,19,19,3.26748,3.45174,3.665,4.3,4.663,5.29146,5.98208
M,60,2,all_visits,24,23,3.13828,3.19204,3.68525,4.275,4.86825,5.4747,6.03046
M,60,2,one_per_cat,23,23,3.13792,3.17936,3.6605,4.241,4.8785,5.49346,6.04044
M,61,2,all_visits,18,17,3.13612,3.16496,3.73275,4.411,5.24575,5.95276,6.34852
M,61,2,one_per_cat,17,17,3.13576,3.16208,3.71,4.173,5.089,5.56124,6.03844
M,62,2,all_visits,10,10,3.78214,3.79663,4.0485,4.978,5.80025,6.22068,6.39204
M,62,2,one_per_cat,10,10,3.78214,3.79663,4.0485,4.978,5.80025,6.22068,6.39204
M,63,2,all_visits,11,11,3.3324,3.7223,4.4115,4.699,5.0325,5.9968,6.3174
M,63,2,one_per_cat,11,11,3.3324,3.7223,4.4115,4.699,5.0325,5.9968,6.3174
M,64,2,all_visits,8,8,3.37654,3.92093,4.3695,4.7035,4.74775,5.42053,6.18934
M,64,2,one_per_cat,8,8,3.37654,3.92093,4.3695,4.7035,4.74775,5.42053,6.18934
M,65,2,all_visits,20,20,3.37514,3.9485,4.31625,4.545,5.12875,5.75067,5.90248
M,65,2,one_per_cat,20,20,3.37514,3.9485,4.31625,4.545,5.12875,5.75067,5.90248
M,66,2,all_visits,24,24,3.21228,3.71087,4.0985,4.545,5.12875,5.70233,5.89416
M,66,2,one_per_cat,24,24,3.21228,3.71087,4.0985,4.545,5.12875,5.70233,5.89416
M,67,2,all_visits,13,13,3.43428,3.68076,4.001,4.627,5.171,5.39432,6.00828
M,67,2,one_per_cat,13,13,3.43428,3.68076,4.001,4.627,5.171,5.39432,6.00828
M,68,2,all_visits,15,15,3.40756,3.73074,4.105,4.627,5.4405,5.73528,6.0904
M,68,2,one_per_cat,15,15,3.40756,3.73074,4.105,4.627,5.4405,5.73528,6.0904
M,69,2,all_visits,14,14,2.9061,3.39992,3.91225,4.418,5.1515,5.53315,5.73528
M,69,2,one_per_cat,14,14,2.9061,3.39992,3.91225,4.418,5.1515,5.53315,5.73528
M,70,2,all_visits,13,13,3.04132,3.91072,4.264,4.899,5.071,5.25832,5.32052
M,70,2,one_per_cat,13,13,3.04132,3.91072,4.264,4.899,5.071,5.25832,5.32052
M,71,2,all_visits,10,9,3.45842,4.28939,4.83075,4.899,5.21425,5.55693,6.27954
M,71,2,one_per_cat,9,9,3.43204,4.17068,4.808,4.899,5.262,5.66016,6.30248
M,72,2,all_visits,10,10,3.32702,3.69809,4.25675,4.96,5.4015,5.77725,6.3285
M,72,2,one_per_cat,10,10,3.32702,3.69809,4.25675,4.96,5.4015,5.77725,6.3285
M,73,2,all_visits,12,12,3.49176,3.80592,4.209,4.758,5.26875,5.44072,5.57316
M,73,2,one_per_cat,12,12,3.49176,3.80592,4.209,4.758,5.26875,5.44072,5.57316
M,74,2,all_visits,15,15,2.84648,3.00404,3.674,4.218,4.9215,5.25134,5.262
M,74,2,one_per_cat,15,15,2.84648,3.00404,3.674,4.218,4.9215,5.25134,5.262
M,75,2,all_visits,13,13,2.84284,2.94032,3.946,4.5,4.808,5.25872,5.5964
M,75,2,one_per_cat,13,13,2.84284,2.94032,3.946,4.5,4.808,5.25872,5.5964
M,76,2,all_visits,10,10,3.88858,4.00261,4.37675,4.4725,4.756,5.30834,5.61452
M,76,2,one_per_cat,10,10,3.88858,4.00261,4.37675,4.4725,4.756,5.30834,5.61452
M,77,2,all_visits,13,12,3.8908,4.001,4.037,4.354,4.445,4.83952,5.13008
M,77,2,one_per_cat,12,12,3.8879,3.99955,4.05425,4.3995,4.4905,4.86158,5.13724
M,78,2,all_visits,6,5,4.001,4.001,4.01575,4.162,4.39975,4.67215,4.8167
M,78,2,one_per_cat,5,5,4.00572,4.02224,4.06,4.264,4.445,4.70932,4.82496
M,8,4,all_visits,603,583,0.5034,0.635,0.771,0.998,1.188,1.50838,1.769
M,8,4,one_per_cat,583,583,0.503,0.635,0.771,0.998,1.1975,1.51,1.769
M,9,4,all_visits,810,750,0.52186,0.66416,0.816,1.048,1.27,1.55676,1.85838
M,9,4,one_per_cat,750,750,0.517,0.635,0.816,1.043,1.27,1.55836,1.8609
M,10,4,all_visits,1155,898,0.544,0.712,0.939,1.179,1.4175,1.724,2.041
M,10,4,one_per_cat,898,898,0.544,0.721,0.921,1.1435,1.406,1.678,1.996
M,11,4,all_visits,1105,935,0.71272,0.953,1.134,1.406,1.619,1.969,2.36728
M,11,4,one_per_cat,935,935,0.726,0.95324,1.17,1.406,1.619,1.9957,2.36188
M,12,4,all_visits,1306,1137,0.8399,1.043,1.27,1.52,1.769,2.132,2.54
M,12,4,one_per_cat,1137,1137,0.848,1.0724,1.27,1.52,1.769,2.16584,2.54252
M,13,4,all_visits,1470,1228,0.953,1.134,1.406,1.633,1.95,2.28095,2.631
M,13,4,one_per_cat,1228,1228,0.962,1.13615,1.406,1.633,1.95,2.26437,2.631
M,14,4,all_visits,1435,1212,1.00752,1.27,1.542,1.769,2.087,2.449,2.812
M,14,4,one_per_cat,1212,1212,1.06298,1.27,1.542,1.769,2.087,2.449,2.812
M,15,4,all_visits,1446,1188,1.089,1.43865,1.669,1.95,2.223,2.60755,3.0804
M,15,4,one_per_cat,1188,1188,1.134,1.451,1.678,1.9525,2.223,2.62353,3.08104
M,16,4,all_visits,1476,1245,1.2655,1.56375,1.842,2.087,2.449,2.812,3.221
M,16,4,one_per_cat,1245,1245,1.27,1.588,1.86,2.087,2.44,2.812,3.221
M,17,4,all_visits,1364,1176,1.42104,1.66,1.95,2.223,2.54,2.994,3.289
M,17,4,one_per_cat,1176,1176,1.4195,1.669,1.95,2.2275,2.54,2.994,3.289
M,18,4,all_visits,1214,1074,1.451,1.724,2.041,2.359,2.675,3.08,3.44466
M,18,4,one_per_cat,1074,1074,1.44614,1.724,2.041,2.359,2.672,3.07487,3.402
M,19,4,all_visits,1011,894,1.4754,1.86,2.132,2.449,2.8345,3.2115,3.5362
M,19,4,one_per_cat,894,894,1.50044,1.86,2.177,2.449,2.82775,3.17667,3.49804
M,20,4,all_visits,892,817,1.66,1.96,2.359,2.676,3.039,3.447,3.82638
M,20,4,one_per_cat,817,817,1.66576,1.97584,2.359,2.676,3.039,3.447,3.87188
M,21,4,all_visits,747,696,1.724,2.041,2.449,2.812,3.198,3.57648,3.992
M,21,4,one_per_cat,696,696,1.724,2.041,2.449,2.812,3.1845,3.5808,3.992
M,22,4,all_visits,688,640,1.724,2.087,2.54,2.903,3.26225,3.719,4.0383
M,22,4,one_per_cat,640,640,1.724,2.087,2.54,2.903,3.266,3.71441,4.0381
M,23,4,all_visits,641,574,1.724,2.3078,2.631,2.998,3.357,3.7342,4.128
M,23,4,one_per_cat,574,574,1.85626,2.30741,2.65125,3.021,3.357,3.74415,4.14258
M,24,4,all_visits,437,400,1.98844,2.449,2.799,3.13,3.538,3.901,4.354
M,24,4,one_per_cat,400,400,2.03128,2.449,2.812,3.155,3.538,3.901,4.354
M,25,4,all_visits,420,383,2.041,2.449,2.858,3.216,3.621,4.00361,4.445
M,25,4,one_per_cat,383,383,2.07044,2.46116,2.9005,3.261,3.66,4.09342,4.445
M,26,4,all_visits,360,329,2.0951,2.54,2.903,3.279,3.674,4.15,4.46386
M,26,4,one_per_cat,329,329,2.1122,2.54,2.903,3.311,3.692,4.17956,4.48208
M,27,4,all_visits,285,256,2.177,2.54504,2.994,3.447,3.856,4.309,4.627
M,27,4,one_per_cat,256,256,2.1897,2.54,2.994,3.447,3.85225,4.309,4.5279
M,28,4,all_visits,213,192,2.359,2.67784,3.084,3.502,3.901,4.354,4.627
M,28,4,one_per_cat,192,192,2.359,2.70071,3.098,3.502,3.901,4.354,4.65958
M,29,4,all_visits,167,154,2.54,2.9027,3.266,3.674,4.0325,4.445,4.93984
M,29,4,one_per_cat,154,154,2.54,2.90185,3.266,3.674,4.04075,4.445,4.94322
M,30,4,all_visits,150,135,2.74874,2.94519,3.311,3.742,4.051,4.50693,4.97436
M,30,4,one_per_cat,135,135,2.68484,2.983,3.3545,3.765,4.105,4.57722,5.02476
M,31,4,all_visits,117,104,2.76772,2.94696,3.311,3.81,4.164,4.57704,5.07244
M,31,4,one_per_cat,104,104,2.75792,3.084,3.35575,3.856,4.218,4.57857,5.12652
M,32,4,all_visits,102,91,2.79926,2.92343,3.266,3.7875,4.148,4.48686,4.92764
M,32,4,one_per_cat,91,91,2.8894,3.0854,3.3545,3.81,4.1345,4.5639,4.9844
M,33,4,all_visits,87,81,2.76484,2.9363,3.411,3.901,4.309,4.59364,4.90272
M,33,4,one_per_cat,81,81,2.8094,3.0552,3.42,3.856,4.309,4.6012,4.9626
M,34,4,all_visits,84,80,2.70888,2.96962,3.546,3.901,4.376,4.68631,5.20808
M,34,4,one_per_cat,80,80,2.69944,3.0039,3.546,3.901,4.408,4.69603,5.25304
M,35,4,all_visits,88,84,2.61904,2.98618,3.54175,3.901,4.4565,4.77065,5.59798
M,35,4,one_per_cat,84,84,2.61536,2.96962,3.52675,3.901,4.4565,4.74138,5.60382
M,36,4,all_visits,89,80,2.72068,3.0768,3.602,3.969,4.491,4.81528,5.59652
M,36,4,one_per_cat,80,80,2.69944,3.09907,3.59725,3.9805,4.51575,4.80305,5.60966
M,37,4,all_visits,63,56,2.66364,3.11068,3.647,4.078,4.638,5.04346,5.75152
M,37,4,one_per_cat,56,56,2.6446,3.1277,3.6695,4.0235,4.627,5.02015,5.5473
M,38,4,all_visits,61,56,2.8942,3.357,3.67,4.078,4.649,5.08,5.9692
M,38,4,one_per_cat,56,56,2.8761,3.357,3.653,4.069,4.65475,5.08,5.7516
M,39,4,all_visits,53,51,3.04264,3.357,3.692,4.091,4.491,4.931,5.78424
M,39,4,one_per_cat,51,51,3.039,3.357,3.683,4.078,4.468,4.949,5.806
M,40,4,all_visits,45,44,3.31884,3.4434,3.719,4.091,4.491,4.903,5.83864
M,40,4,one_per_cat,44,44,3.31248,3.4353,3.719,4.1005,4.526,4.912,5.84408
M,41,4,all_visits,43,38,3.14232,3.4272,3.719,4.264,4.69,5.05686,5.77308
M,41,4,one_per_cat,38,38,3.3063,3.45162,3.719,4.2185,4.61075,5.17521,5.80938
M,42,4,all_visits,46,41,3.0163,3.2696,3.8145,4.264,4.6155,4.994,5.6745
M,42,4,one_per_cat,41,41,2.9936,3.2244,3.81,4.264,4.581,5.0386,5.679
M,43,4,all_visits,49,46,2.80476,3.19528,3.828,4.173,4.627,5.09224,5.6718
M,43,4,one_per_cat,46,46,2.7939,3.1672,3.78075,4.173,4.57325,5.0971,5.6745
M,44,4,all_visits,45,44,2.79028,3.15836,3.719,4.173,4.708,5.139,5.6754
M,44,4,one_per_cat,44,44,2.78666,3.15017,3.6625,4.173,4.68775,5.139,5.6763
M,45,4,all_visits,47,45,2.79752,3.266,3.6945,4.173,4.654,5.09548,5.33604
M,45,4,one_per_cat,45,45,2.79028,3.2582,3.67,4.173,4.581,5.09964,5.35056
M,46,4,all_visits,40,38,2.68404,3.28895,3.81,4.2615,4.87875,5.31827,5.55794
M,46,4,one_per_cat,38,38,2.68132,3.28085,3.81,4.173,4.82525,5.25156,5.55902
M,47,4,all_visits,38,35,2.81666,3.402,3.82025,4.491,4.89225,5.51471,6.02642
M,47,4,one_per_cat,35,35,2.80712,3.402,3.81,4.432,4.906,5.54522,6.07844
M,48,4,all_visits,38,36,2.81666,3.49044,3.82025,4.3955,4.856,5.51471,6.02642
M,48,4,one_per_cat,36,36,2.8103,3.4422,3.81,4.3955,4.87875,5.53505,6.0611
M,49,4,all_visits,37,33,2.81348,3.45516,3.851,4.391,4.899,5.57252,6.37424
M,49,4,one_per_cat,33,33,2.80076,3.42576,3.81,4.359,4.763,5.55524,6.11312
M,50,4,all_visits,29,25,3.46988,3.67944,3.992,4.359,4.763,5.68556,6.43952
M,50,4,one_per_cat,25,25,3.46404,3.58152,3.969,4.359,4.722,5.35888,5.93312
M,51,4,all_visits,162,156,2.60604,3.26345,3.818,4.354,4.899,5.55891,6.169
M,51,4,one_per_cat,156,156,2.6328,3.26575,3.81,4.354,4.94,5.57945,6.169
M,52,4,all_visits,181,171,2.6182,3.229,3.742,4.309,4.899,5.4782,6.169
M,52,4,one_per_cat,171,171,2.6382,3.2795,3.7465,4.354,4.9195,5.523,6.169
M,53,4,all_visits,185,173,2.62076,3.2434,3.81,4.354,4.899,5.41604,6.169
M,53,4,one_per_cat,173,173,2.63892,3.2876,3.81,4.354,4.94,5.46448,6.169
M,54,4,all_visits,203,182,2.63172,3.2619,3.7715,4.354,4.853,5.39638,6.169
M,54,4,one_per_cat,182,182,2.66574,3.33739,3.786,4.354,4.899,5.42711,6.169
M,55,4,all_visits,72,64,3.0861,3.56409,3.77475,4.393,4.80125,5.14802,6.2861
M,55,4,one_per_cat,64,64,3.0853,3.57277,3.765,4.3315,4.77425,5.098,6.05722
M,56,4,all_visits,58,52,3.14234,3.67517,3.8555,4.4455,4.93275,5.31681,6.2987
M,56,4,one_per_cat,52,52,3.09662,3.64448,3.81,4.4365,4.80125,5.19476,6.28594
M,57,4,all_visits,53,48,3.09516,3.51624,3.765,4.35,4.808,5.33364,6.3032
M,57,4,one_per_cat,48,48,3.0887,3.48564,3.7535,4.3295,4.772,5.17793,6.26
M,58,4,all_visits,39,38,3.20484,3.54388,3.76,4.35,4.8785,5.43088,6.26
M,58,4,one_per_cat,38,38,3.20166,3.54262,3.7395,4.3295,4.84325,5.43421,6.26
M,59,4,all_visits,40,39,3.14404,3.27768,3.71675,4.309,4.86825,5.3911,6.26
M,59,4,one_per_cat,39,39,3.14368,3.27156,3.7145,4.309,4.8785,5.4082,6.26
M,60,4,all_visits,37,33,3.14296,3.25932,3.71,4.3,4.899,5.69548,6.31068
M,60,4,one_per_cat,33,33,3.14152,3.23544,3.611,4.241,4.858,5.52076,6.20176
M,61,4,all_visits,34,31,3.14188,3.34684,3.78375,4.536,5.24575,5.95754,6.32154
M,61,4,one_per_cat,31,31,3.1408,3.3004,3.76,4.491,5.1935,5.818,6.2054
M,62,4,all_visits,29,27,3.14008,3.20132,3.801,4.649,5.298,6.05564,6.42308
M,62,4,one_per_cat,27,27,3.13936,3.23848,3.851,4.649,5.1935,6.09488,6.42436
M,63,4,all_visits,18,17,3.41038,3.79019,4.3445,4.7035,5.33775,6.2818,6.43012
M,63,4,one_per_cat,17,17,3.39924,3.83212,4.382,4.708,5.348,6.3034,6.43076
M,64,4,all_visits,31,31,3.1682,3.8228,4.357,4.595,5.1935,5.8692,6.1342
M,64,4,one_per_cat,31,31,3.1682,3.8228,4.357,4.595,5.1935,5.8692,6.1342
M,65,4,all_visits,32,32,3.17084,3.62876,4.19325,4.5925,4.985,5.74083,6.11946
M,65,4,one_per_cat,32,32,3.17084,3.62876,4.19325,4.5925,4.985,5.74083,6.11946
M,66,4,all_visits,33,31,3.26052,3.69836,4.119,4.59,5.171,5.72976,6.03524
M,66,4,one_per_cat,31,31,3.2498,3.6944,4.1685,4.59,5.2615,5.7519,6.0456
M,67,4,all_visits,39,35,3.25088,3.68824,4.078,4.59,5.375,5.76778,6.00416
M,67,4,one_per_cat,35,35,3.23384,3.68032,4.06,4.59,5.2615,5.70414,6.02488
M,68,4,all_visits,27,27,3.0452,3.46648,3.9145,4.572,5.1935,5.5323,5.9956
M,68,4,one_per_cat,27,27,3.0452,3.46648,3.9145,4.572,5.1935,5.5323,5.9956
M,69,4,all_visits,28,27,3.0559,3.76457,4.157,4.899,5.2275,5.53185,5.9877
M,69,4,one_per_cat,27,27,3.0452,3.74666,4.105,4.899,5.239,5.5323,5.9956
M,70,4,all_visits,24,23,2.97584,3.34232,4.1365,4.899,5.2275,5.53365,6.1732
M,70,4,one_per_cat,23,23,2.96676,3.30038,4.064,4.899,5.239,5.53944,6.1868
M,71,4,all_visits,23,22,2.96676,3.79822,4.223,4.899,5.239,5.44244,6.101
M,71,4,one_per_cat,22,22,2.95768,3.74521,4.2025,4.899,5.2505,5.45792,6.1185
M,72,4,all_visits,22,21,3.29702,3.76512,4.31825,4.899,5.262,5.45792,6.1185
M,72,4,one_per_cat,21,21,3.2934,3.7284,4.264,4.899,5.262,5.4734,6.136
M,73,4,all_visits,25,25,2.86468,3.2282,3.946,4.481,5.221,5.415,6.066
M,73,4,one_per_cat,25,25,2.86468,3.2282,3.946,4.481,5.221,5.415,6.066
M,74,4,all_visits,25,24,2.86468,3.28776,3.992,4.5,5.221,5.415,5.65832
M,74,4,one_per_cat,24,24,2.86286,3.27552,3.9805,4.57,5.23125,5.4285,5.66014
M,75,4,all_visits,25,24,2.86468,3.28776,3.992,4.445,4.808,5.25544,5.4908
M,75,4,one_per_cat,24,24,2.86286,3.27552,4.02575,4.445,4.86475,5.25913,5.4996
M,76,4,all_visits,26,23,2.8665,3.4135,4.001,4.3995,4.75925,5.21975,5.482
M,76,4,one_per_cat,23,23,2.86104,3.25892,4.019,4.445,4.8035,5.22182,5.5084
M,77,4,all_visits,16,15,3.8995,4.001,4.05425,4.445,4.67,5.0907,5.5562
M,77,4,one_per_cat,15,15,3.8966,4.01036,4.162,4.445,4.713,5.12292,5.56592
M,78,4,all_visits,13,12,3.8908,4.001,4.037,4.354,4.445,4.83952,5.13008
M,78,4,one_per_cat,12,12,3.8879,3.99955,4.05425,4.3995,4.4905,4.86158,5.13724
M,8,8,all_visits,1155,898,0.544,0.712,0.939,1.179,1.4175,1.724,2.041
M,8,8,one_per_cat,898,898,0.54238,0.68,0.862,1.1155,1.37675,1.633,1.996
M,9,8,all_visits,1515,1061,0.567,0.726,0.998,1.27,1.542,1.86,2.35116
M,9,8,one_per_cat,1061,1061,0.544,0.699,0.93,1.179,1.497,1.7364,2.177
M,10,8,all_visits,1909,1287,0.59,0.789,1.043,1.379,1.651,1.99712,2.49836
M,10,8,one_per_cat,1287,1287,0.58748,0.75966,0.998,1.27,1.588,1.996,2.522
M,11,8,all_visits,2280,1392,0.6329,0.816,1.111,1.451,1.769,2.132,2.54
M,11,8,one_per_cat,1392,1392,0.68,0.92347,1.16775,1.451,1.724,2.09753,2.54162
M,12,8,all_visits,2590,1464,0.635,0.83009,1.17,1.542,1.905,2.218,2.631
M,12,8,one_per_cat,1464,1464,0.726,1.00738,1.27,1.542,1.86525,2.177,2.631
M,13,8,all_visits,2551,1480,0.798,1.08,1.379,1.678,2.068,2.449,2.903
M,13,8,one_per_cat,1480,1480,0.953,1.134,1.406,1.633,1.996,2.359,2.7859
M,14,8,all_visits,2782,1647,0.953,1.179,1.497,1.86,2.177,2.59639,3.084
M,14,8,one_per_cat,1647,1647,0.998,1.252,1.542,1.851,2.177,2.54,3.039
M,15,8,all_visits,2834,1687,0.998,1.27,1.5715,1.95,2.33975,2.749,3.18306
M,15,8,one_per_cat,1687,1687,1.089,1.406,1.6445,1.991,2.313,2.75134,3.14544
M,16,8,all_visits,2649,1655,1.12864,1.429,1.678,2.041,2.449,2.85512,3.266
M,16,8,one_per_cat,1655,1655,1.225,1.497,1.726,2.082,2.44,2.839,3.221
M,17,8,all_visits,2457,1617,1.179,1.529,1.828,2.132,2.54,2.97964,3.357
M,17,8,one_per_cat,1617,1617,1.315,1.588,1.878,2.177,2.54,2.98504,3.32324
M,18,8,all_visits,2368,1669,1.329,1.633,1.95,2.313,2.767,3.13873,3.583
M,18,8,one_per_cat,1669,1669,1.42144,1.678,1.982,2.359,2.767,3.17892,3.6182
M,19,8,all_visits,2111,1578,1.452,1.724,2.041,2.436,2.858,3.266,3.719
M,19,8,one_per_cat,1578,1578,1.49916,1.769,2.087,2.449,2.86875,3.266,3.719
M,20,8,all_visits,1902,1464,1.542,1.86,2.15125,2.54,2.96875,3.357,3.81
M,20,8,one_per_cat,1464,1464,1.542,1.901,2.177,2.54,2.994,3.357,3.81
M,21,8,all_visits,1652,1290,1.542,1.905,2.313,2.649,3.084,3.493,3.901
M,21,8,one_per_cat,1290,1290,1.633,1.96,2.354,2.676,3.084,3.493,3.9471
M,22,8,all_visits,1329,1071,1.724,2.041,2.449,2.849,3.234,3.67,4.128
M,22,8,one_per_cat,1071,1071,1.724,2.05,2.449,2.858,3.266,3.674,4.1464
M,23,8,all_visits,1167,957,1.77924,2.132,2.54,2.948,3.357,3.76954,4.2624
M,23,8,one_per_cat,957,957,1.869,2.177,2.572,2.98,3.357,3.81,4.29784
M,24,8,all_visits,1048,864,1.86846,2.3,2.631,3.039,3.4335,3.85485,4.354
M,24,8,one_per_cat,864,864,1.88398,2.313,2.672,3.062,3.493,3.88559,4.3423
M,25,8,all_visits,926,761,1.8895,2.359,2.767,3.084,3.538,3.9885,4.377
M,25,8,one_per_cat,761,761,1.919,2.404,2.776,3.13,3.561,3.992,4.354
M,26,8,all_visits,650,537,2.041,2.49205,2.858,3.266,3.67775,4.141,4.51826
M,26,8,one_per_cat,537,537,2.087,2.50364,2.903,3.266,3.674,4.10952,4.445
M,27,8,all_visits,587,481,2.1194,2.54,2.948,3.311,3.749,4.23668,4.6054
M,27,8,one_per_cat,481,481,2.159,2.5536,2.948,3.357,3.742,4.218,4.5474
M,28,8,all_visits,510,417,2.177,2.585,2.998,3.42,3.84075,4.309,4.627
M,28,8,one_per_cat,417,417,2.3216,2.59396,3.03,3.447,3.81,4.309,4.627
M,29,8,all_visits,402,328,2.359,2.676,3.08525,3.529,3.992,4.354,4.65738
M,29,8,one_per_cat,328,328,2.359,2.699,3.098,3.5335,3.992,4.354,4.7837
M,30,8,all_visits,315,262,2.4054,2.79,3.221,3.583,3.992,4.42836,4.7954
M,30,8,one_per_cat,262,262,2.4139,2.812,3.221,3.5765,3.992,4.42973,4.90394
M,31,8,all_visits,254,218,2.5427,2.903,3.311,3.719,4.14775,4.49721,4.94322
M,31,8,one_per_cat,218,218,2.5553,2.903,3.3415,3.724,4.172,4.55027,4.96182
M,32,8,all_visits,234,204,2.70888,2.94719,3.37225,3.801,4.218,4.60954,5.05848
M,32,8,one_per_cat,204,204,2.75384,3.00858,3.402,3.833,4.264,4.627,5.13168
M,33,8,all_visits,205,179,2.64044,2.95952,3.402,3.892,4.309,4.66696,5.25688
M,33,8,one_per_cat,179,179,2.75124,3.04872,3.411,3.878,4.352,4.67172,5.262
M,34,8,all_visits,191,165,2.7254,2.9526,3.402,3.901,4.354,4.699,5.262
M,34,8,one_per_cat,165,165,2.75404,3.084,3.443,3.901,4.354,4.717,5.262
M,35,8,all_visits,150,131,2.74664,3.01614,3.47575,3.901,4.44175,4.74414,5.58046
M,35,8,one_per_cat,131,131,2.7018,3.0732,3.4815,3.901,4.445,4.717,5.3888
M,36,8,all_visits,145,125,2.73484,3.12816,3.583,3.901,4.445,4.8098,5.67048
M,36,8,one_per_cat,125,125,2.68764,3.22308,3.583,3.901,4.445,4.75564,5.42684
M,37,8,all_visits,141,121,2.7254,3.1846,3.602,3.946,4.491,4.8714,5.6828
M,37,8,one_per_cat,121,121,2.6782,3.221,3.602,3.901,4.445,4.8622,5.4522
M,38,8,all_visits,134,116,2.76088,3.31703,3.67,4.044,4.491,4.899,5.70436
M,38,8,one_per_cat,116,116,2.7544,3.357,3.67,4.01,4.491,4.8829,5.535
M,39,8,all_visits,106,87,2.7761,3.357,3.7055,4.128,4.66625,5.05165,5.7969
M,39,8,one_per_cat,87,87,2.72892,3.357,3.6965,4.091,4.64,5.00368,5.74048
M,40,8,all_visits,107,92,2.87972,3.34826,3.71,4.173,4.629,5.08,5.79508
M,40,8,one_per_cat,92,92,2.84972,3.34161,3.6875,4.1505,4.628,5.06461,5.73138
M,41,8,all_visits,102,90,2.86162,3.31343,3.719,4.173,4.57325,5.07271,5.7141
M,41,8,one_per_cat,90,90,2.84788,3.31127,3.69425,4.1145,4.491,5.07919,5.6799
M,42,8,all_visits,90,80,2.98906,3.33819,3.719,4.173,4.66175,5.09782,5.73502
M,42,8,one_per_cat,80,80,2.94366,3.34009,3.70775,4.1235,4.5925,5.09602,5.6889
M,43,8,all_visits,90,81,2.98906,3.31127,3.719,4.1955,4.67875,5.09782,5.6799
M,43,8,one_per_cat,81,81,2.9482,3.3164,3.719,4.173,4.627,5.1308,5.688
M,44,8,all_visits,86,76,2.7781,3.266,3.81,4.264,4.7535,5.1978,5.6063
M,44,8,one_per_cat,76,76,2.7555,3.266,3.81,4.173,4.68775,5.181,5.6245
M,45,8,all_visits,87,77,2.78036,3.266,3.819,4.282,4.7605,5.35834,5.73908
M,45,8,one_per_cat,77,77,2.75776,3.266,3.81,4.173,4.681,5.31068,5.6916
M,46,8,all_visits,83,74,2.77132,3.266,3.81,4.354,4.783,5.39758,5.74596
M,46,8,one_per_cat,74,74,2.77214,3.266,3.81,4.1955,4.732,5.31689,5.74074
M,47,8,all_visits,84,73,2.77358,3.28715,3.81,4.352,4.808,5.3565,5.95706
M,47,8,one_per_cat,73,73,2.76896,3.2876,3.81,4.173,4.722,5.31896,5.74336
M,48,8,all_visits,69,60,2.75624,3.40524,3.851,4.354,4.872,5.43192,6.09476
M,48,8,one_per_cat,60,60,2.72762,3.402,3.81,4.173,4.78,5.40521,5.76104
M,49,8,all_visits,200,187,2.63036,3.266,3.81,4.354,4.899,5.55443,6.169
M,49,8,one_per_cat,187,187,2.64396,3.266,3.81,4.354,4.899,5.55902,6.169
M,50,8,all_visits,219,203,2.63748,3.2641,3.81,4.354,4.8855,5.507,6.169
M,50,8,one_per_cat,203,203,2.65008,3.2741,3.81,4.354,4.899,5.47918,6.169
M,51,8,all_visits,222,205,2.63856,3.26545,3.818,4.354,4.899,5.4935,6.169
M,51,8,one_per_cat,205,205,2.65116,3.34376,3.81,4.354,4.899,5.47036,6.169
M,52,8,all_visits,232,206,2.64216,3.38289,3.81,4.354,4.853,5.44929,6.20358
M,52,8,one_per_cat,206,206,2.6517,3.4101,3.81,4.354,4.8875,5.42055,6.169
M,53,8,all_visits,234,207,2.64288,3.30965,3.80325,4.354,4.8875,5.39923,6.19994
M,53,8,one_per_cat,207,207,2.65224,3.402,3.8055,4.354,4.899,5.41686,6.169
M,54,8,all_visits,239,208,2.64468,3.34922,3.8055,4.354,4.899,5.42178,6.26
M,54,8,one_per_cat,208,208,2.70148,3.402,3.80775,4.354,4.90925,5.41317,6.169
M,55,8,all_visits,238,206,2.64432,3.28085,3.78375,4.354,4.8875,5.39503,6.19266
M,55,8,one_per_cat,206,206,2.6942,3.311,3.78375,4.352,4.899,5.39395,6.169
M,56,8,all_visits,242,207,2.64576,3.29705,3.76825,4.354,4.85675,5.41071,6.26
M,56,8,one_per_cat,207,207,2.69784,3.311,3.7715,4.309,4.8555,5.36902,6.169
M,57,8,all_visits,112,97,3.09802,3.35159,3.7615,4.352,4.84325,5.26236,6.26
M,57,8,one_per_cat,97,97,3.0886,3.33724,3.719,4.309,4.808,5.19296,6.26
M,58,8,all_visits,95,83,3.12508,3.50128,3.801,4.4,4.9215,5.42544,6.32132
M,58,8,one_per_cat,83,83,3.11524,3.39684,3.783,4.35,4.8555,5.28432,6.26
M,59,8,all_visits,87,76,3.11852,3.43932,3.7715,4.4,4.9215,5.8104,6.34308
M,59,8,one_per_cat,76,76,3.1095,3.34175,3.719,4.375,4.86825,5.383,6.26
M,60,8,all_visits,68,61,3.13612,3.31223,3.79525,4.491,5.1095,5.9453,6.35834
M,60,8,one_per_cat,61,61,3.1336,3.3274,3.801,4.491,4.899,5.875,6.26
M,61,8,all_visits,58,51,3.15248,3.31633,3.80325,4.4455,4.899,5.9263,6.38814
M,61,8,one_per_cat,51,51,3.148,3.3315,3.8055,4.491,4.899,5.856,6.26
M,62,8,all_visits,68,61,3.13612,3.31223,3.93175,4.4955,5.0515,5.83569,6.35834
M,62,8,one_per_cat,61,61,3.1336,3.3274,3.992,4.5,5.039,5.9004,6.3792
M,63,8,all_visits,66,61,3.1354,3.35625,4.00325,4.5855,5.0765,5.8536,6.3643
M,63,8,one_per_cat,61,61,3.1336,3.354,4.037,4.59,5.089,5.9004,6.3792
M,64,8,all_visits,62,58,3.13396,3.35445,4.01,4.611,5.26625,5.89104,6.36324
M,64,8,one_per_cat,58,58,3.13252,3.35265,4.037,4.622,5.26625,5.92848,6.37988
M,65,8,all_visits,57,52,3.23072,3.70408,4.119,4.627,5.352,5.93784,6.38404
M,65,8,one_per_cat,52,52,3.22262,3.69198,4.1865,4.622,5.349,5.94569,6.40484
M,66,8,all_visits,58,53,3.10748,3.68186,4.0575,4.5925,5.20475,5.79417,6.166
M,66,8,one_per_cat,53,53,3.09428,3.57596,4.037,4.572,5.171,5.75436,6.191
M,67,8,all_visits,60,54,3.11276,3.68582,4.1865,4.663,5.18225,5.65889,6.15438
M,67,8,one_per_cat,54,54,3.09692,3.60494,4.1415,4.611,5.146,5.57563,6.18546
M,68,8,all_visits,57,50,3.10484,3.67988,4.119,4.627,5.216,5.70776,6.16992
M,68,8,one_per_cat,50,50,3.08256,3.48902,4.0305,4.5925,5.20475,5.69448,6.2067
M,69,8,all_visits,62,54,3.11804,3.68978,4.13475,4.672,5.28225,5.66404,6.14402
M,69,8,one_per_cat,54,54,3.09692,3.60494,4.04625,4.611,5.28225,5.65585,6.18546
M,70,8,all_visits,49,47,3.20284,3.49064,4.182,4.808,5.262,5.5324,6.2124
M,70,8,one_per_cat,47,47,3.18468,3.44078,4.0915,4.808,5.262,5.5333,6.2238
M,71,8,all_visits,53,50,2.82464,3.29048,3.992,4.64,5.221,5.5306,6.1852
M,71,8,one_per_cat,50,50,2.81992,3.28076,3.9575,4.606,5.25175,5.53195,6.2067
M,72,8,all_visits,49,45,2.81884,3.27752,3.992,4.799,5.221,5.5324,5.8332
M,72,8,one_per_cat,45,45,2.81452,3.2642,3.946,4.64,5.221,5.5292,5.8876
M,73,8,all_visits,48,45,2.81776,3.29728,4.02575,4.5835,5.138,5.3275,5.74904
M,73,8,one_per_cat,45,45,2.81452,3.2642,4.037,4.627,5.216,5.343,5.79608
M,74,8,all_visits,48,43,2.90654,3.49584,4.05425,4.52,5.08125,5.3275,5.74904
M,74,8,one_per_cat,43,43,2.89744,3.37208,4.121,4.627,5.164,5.361,5.82744
M,75,8,all_visits,41,37,2.8938,3.3476,4.001,4.445,5.035,5.349,5.8588
M,75,8,one_per_cat,37,37,2.88652,3.29864,4.06,4.445,5.112,5.403,5.92152
M,76,8,all_visits,38,34,2.88834,3.53664,4.01,4.445,4.99075,5.28009,5.63466
M,76,8,one_per_cat,34,34,2.88106,3.39792,4.04275,4.445,5.09275,5.2935,5.64194
M,77,8,all_visits,31,28,2.8756,3.3612,4.001,4.354,4.8035,5.2333,5.438
M,77,8,one_per_cat,28,28,2.87014,3.32448,4.028,4.445,4.8205,5.24437,5.4644
M,78,8,all_visits,26,23,2.8665,3.4135,4.001,4.3995,4.75925,5.21975,5.482
M,78,8,one_per_cat,23,23,2.86104,3.25892,4.019,4.445,4.8035,5.22182,5.5084
