schemaVersion,vboId,canonicalBreed,batch,evidenceTier,sex,adultLowerKg,adultMedianKg,adultUpperKg,maturityAgeDays,maturityDerivation,medianDerivation,sourceId,sourceAuthorityClass,sourceUrl,claim,limitations,deprecatedAliases
1,0100000,Abyssinian,1,official,female,2.721554,3.401942,4.082331,365,published,arithmetic_midpoint,A-S02,official_breed_organization,https://tica.org/breed/abyssinian/,female 6-9 lb; male 7-12 lb,page also gives narrower narrative averages; used displayed range fields,
1,0100000,Abyssinian,1,official,male,3.175147,4.309127,5.443108,365,published,arithmetic_midpoint,A-S02,official_breed_organization,https://tica.org/breed/abyssinian/,female 6-9 lb; male 7-12 lb,page also gives narrower narrative averages; used displayed range fields,
1,0100018,American Shorthair,2,professional_fallback,female,3.629,4.536,5.443,730,model_fallback,arithmetic_midpoint,C-S06,professional_pet_reference,https://www.purina.com/cats/cat-breeds/american-shorthair,Purina 8-12 lb,Not peer reviewed,
1,0100018,American Shorthair,2,professional_fallback,male,4.99,5.897,6.804,730,model_fallback,arithmetic_midpoint,C-S06,professional_pet_reference,https://www.purina.com/cats/cat-breeds/american-shorthair,Purina 11-15 lb,Not peer reviewed,
1,0100036,Balinese,1,official,female,2.268,2.9485,3.629,730,model_fallback,arithmetic_midpoint,C-S08,official_feline_organization,https://tica.org/breed/balinese/,TICA 5-8 lb,Descriptive range; not a population study,
1,0100036,Balinese,1,official,male,3.629,4.536,5.443,730,model_fallback,arithmetic_midpoint,C-S08,official_feline_organization,https://tica.org/breed/balinese/,TICA 8-12 lb,Descriptive range; not a population study,
1,0100040,Bengal,1,official,female,2.721554,4.082331,5.443108,730,published,arithmetic_midpoint,A-S01,official_breed_organization,https://tica.org/breed/bengal/,female 6-12 lb; male 9-15 lb; full size 2 years,approximate ranges; no sample,
1,0100040,Bengal,1,official,male,4.082331,5.443109,6.803886,730,published,arithmetic_midpoint,A-S01,official_breed_organization,https://tica.org/breed/bengal/,female 6-12 lb; male 9-15 lb; full size 2 years,approximate ranges; no sample,
1,0100045,Bombay,2,professional_fallback,female,2.722,3.402,4.082,730,model_fallback,arithmetic_midpoint,C-S09,professional_pet_reference,https://www.purina.com/cats/cat-breeds/bombay,Purina 6-9 lb,Not peer reviewed,
1,0100045,Bombay,2,professional_fallback,male,3.629,4.3095,4.99,730,model_fallback,arithmetic_midpoint,C-S09,professional_pet_reference,https://www.purina.com/cats/cat-breeds/bombay,Purina 8-11 lb,Not peer reviewed,
1,0100053,Burmese,1,official,female,2.721554,3.401942,4.082331,548,published,arithmetic_midpoint,A-S10,official_breed_organization,https://www.gccfcats.org/getting-a-cat/choosing/cat-breeds/burmese/,male 11-14 lb; female 6-9 lb,care guidance; no sample,
1,0100053,Burmese,1,official,male,4.989516,5.669904,6.350293,548,published,arithmetic_midpoint,A-S10,official_breed_organization,https://www.gccfcats.org/getting-a-cat/choosing/cat-breeds/burmese/,male 11-14 lb; female 6-9 lb,care guidance; no sample,
1,0100056,Burmilla,2,professional_fallback,female,4,4.5,5,730,model_fallback,arithmetic_midpoint,C-S05,professional_veterinary_reference,https://www.hillspet.es/cat-care/cat-breeds/burmilla,Hill's professional breed guide 4-5 kg,Both sexes given same 4-5 kg range; not peer reviewed,
1,0100056,Burmilla,2,professional_fallback,male,4,4.5,5,730,model_fallback,arithmetic_midpoint,C-S05,professional_veterinary_reference,https://www.hillspet.es/cat-care/cat-breeds/burmilla,Hill's professional breed guide 4-5 kg,Both sexes given same 4-5 kg range; not peer reviewed,
1,0100077,Cornish Rex,1,official,female,2.267962,2.721554,3.175147,365,published,arithmetic_midpoint,A-S07,official_breed_organization,https://tica.org/breed/cornish-rex/,female 5-7 lb; male 8-10 lb,no sample,
1,0100077,Cornish Rex,1,official,male,3.628739,4.082331,4.535924,365,published,arithmetic_midpoint,A-S07,official_breed_organization,https://tica.org/breed/cornish-rex/,female 5-7 lb; male 8-10 lb,no sample,
1,0100084,Devon Rex,1,official,female,2.267962,2.721554,3.175147,365,published,arithmetic_midpoint,A-S04,official_breed_organization,https://tica.org/breed/devon-rex/,female 5-7 lb; male 7-9 lb,no sample,
1,0100084,Devon Rex,1,official,male,3.175147,3.628739,4.082331,365,published,arithmetic_midpoint,A-S04,official_breed_organization,https://tica.org/breed/devon-rex/,female 5-7 lb; male 7-9 lb,no sample,
1,0100090,Egyptian Mau,2,professional_fallback,female,2.722,3.629,4.536,730,model_fallback,arithmetic_midpoint,C-S10,professional_pet_reference,https://www.purina.com/cats/cat-breeds/egyptian-mau,Purina 6-10 lb,Not peer reviewed,
1,0100090,Egyptian Mau,2,professional_fallback,male,4.536,5.443,6.35,730,model_fallback,arithmetic_midpoint,C-S10,professional_pet_reference,https://www.purina.com/cats/cat-breeds/egyptian-mau,Purina 10-14 lb,Not peer reviewed,
1,0100169,Munchkin,1,official,female,2.268,2.7215,3.175,730,model_fallback,arithmetic_midpoint,C-S11,official_feline_organization,https://tica.org/breed/munchkin/,TICA 5-7 lb,Descriptive range; not a population study,
1,0100169,Munchkin,1,official,male,3.175,3.8555,4.536,730,model_fallback,arithmetic_midpoint,C-S11,official_feline_organization,https://tica.org/breed/munchkin/,TICA 7-10 lb,Descriptive range; not a population study,
1,0100170,Munchkin Longhair,1,official,female,2.268,2.7216,3.1751,730,model_fallback,arithmetic_midpoint,B-tica-munchkin-longhair,official_feline_org,https://tica.org/breed/munchkin-longhair/,TICA 5-7 lb,Coat variant; no sample/distribution,
1,0100170,Munchkin Longhair,1,official,male,3.1751,3.8555,4.5359,730,model_fallback,arithmetic_midpoint,B-tica-munchkin-longhair,official_feline_org,https://tica.org/breed/munchkin-longhair/,TICA 7-10 lb,Coat variant; no sample/distribution,
1,0100173,Neva Masquerade,2,professional_fallback,female,4,5,6,1095,published,arithmetic_midpoint,B-anicura-neva,professional_veterinary,https://www.anicura.nl/over-huisdieren/kat/kattenrassen/neva-masquerade/,Veterinary network breed page,No sample or distribution; says maturity at 3 years,
1,0100173,Neva Masquerade,2,professional_fallback,male,4.5,6.75,9,1095,published,arithmetic_midpoint,B-anicura-neva,professional_veterinary,https://www.anicura.nl/over-huisdieren/kat/kattenrassen/neva-masquerade/,Veterinary network breed page,No sample or distribution; says maturity at 3 years,
1,0100178,Norwegian Forest Cat,1,official,female,3.628739,4.535923,5.443108,1825,published,arithmetic_midpoint,A-S09,official_breed_organization,https://tica.org/breed/norwegian-forest/,female 8-12 lb; male 12-18 lb; maturity up to 5 years,no sample,
1,0100178,Norwegian Forest Cat,1,official,male,5.443108,6.803885,8.164662,1825,published,arithmetic_midpoint,A-S09,official_breed_organization,https://tica.org/breed/norwegian-forest/,female 8-12 lb; male 12-18 lb; maturity up to 5 years,no sample,
1,0100183,Oriental Longhair,1,official,female,2.268,2.9485,3.629,730,model_fallback,arithmetic_midpoint,C-S16,official_feline_organization,https://tica.org/breed/oriental-longhair/,TICA 5-8 lb,Descriptive range; not a population study,
1,0100183,Oriental Longhair,1,official,male,3.629,4.536,5.443,730,model_fallback,arithmetic_midpoint,C-S16,official_feline_organization,https://tica.org/breed/oriental-longhair/,TICA 8-12 lb,Descriptive range; not a population study,
1,0100184,Oriental Shorthair,1,official,female,2.267962,2.948351,3.628739,730,published,arithmetic_midpoint,A-S03,official_breed_organization,https://tica.org/breed/oriental-shorthair/,female 5-8 lb; male 8-12 lb; maturity 18-24 months,approximate ranges; no sample,
1,0100184,Oriental Shorthair,1,official,male,3.628739,4.535923,5.443108,730,published,arithmetic_midpoint,A-S03,official_breed_organization,https://tica.org/breed/oriental-shorthair/,female 5-8 lb; male 8-12 lb; maturity 18-24 months,approximate ranges; no sample,
1,0100188,Persian,2,professional_fallback,female,3.175147,4.082332,4.989516,365,published,arithmetic_midpoint,A-S06,veterinary_reference,https://www.petmd.com/cat/general-health/average-weight-cats,Persian males 9-14 lb; females 7-11 lb,no sample/method exposed,
1,0100188,Persian,2,professional_fallback,male,4.082331,5.216312,6.350293,365,published,arithmetic_midpoint,A-S06,veterinary_reference,https://www.petmd.com/cat/general-health/average-weight-cats,Persian males 9-14 lb; females 7-11 lb,no sample/method exposed,
1,0100189,Peterbald,1,official,female,2.268,2.7215,3.175,730,model_fallback,arithmetic_midpoint,C-S01,official_feline_organization,https://tica.org/breed/peterbald/,TICA 5-7 lb,Descriptive range; not a population study,
1,0100189,Peterbald,1,official,male,3.175,3.8555,4.536,730,model_fallback,arithmetic_midpoint,C-S01,official_feline_organization,https://tica.org/breed/peterbald/,TICA 7-10 lb,Descriptive range; not a population study,
1,0100196,Ragdoll,1,official,female,4.535924,5.669905,6.803886,1460,published,arithmetic_midpoint,A-S11,official_breed_organization,https://tica.org/breed/ragdoll/,female 10-15 lb; male 15-20 lb; maturity up to 4 years,no sample,
1,0100196,Ragdoll,1,official,male,6.803886,7.937867,9.071847,1460,published,arithmetic_midpoint,A-S11,official_breed_organization,https://tica.org/breed/ragdoll/,female 10-15 lb; male 15-20 lb; maturity up to 4 years,no sample,
1,0100200,Russian Blue,1,professional_fallback,female,3.175147,3.855535,4.535924,365,published,arithmetic_midpoint,A-S08,veterinary_reference,https://www.petobesityprevention.org/weight-comparison/russian-blue,female 7-10 lb; male 10-12 lb,explicitly a starting point; underlying sample not published,
1,0100200,Russian Blue,1,professional_fallback,male,4.535924,4.989516,5.443108,365,published,arithmetic_midpoint,A-S08,veterinary_reference,https://www.petobesityprevention.org/weight-comparison/russian-blue,female 7-10 lb; male 10-12 lb,explicitly a starting point; underlying sample not published,
1,0100216,Selkirk Rex Longhair,2,professional_fallback,female,2.722,4.0825,5.443,730,model_fallback,arithmetic_midpoint,C-S02,professional_pet_reference,https://www.purina.com/cats/cat-breeds/selkirk-rex,Purina 6-12 lb,Not peer reviewed; range provenance not stated,
1,0100216,Selkirk Rex Longhair,2,professional_fallback,male,4.99,6.1235,7.257,730,model_fallback,arithmetic_midpoint,C-S02,professional_pet_reference,https://www.purina.com/cats/cat-breeds/selkirk-rex,Purina 11-16 lb,Not peer reviewed; range provenance not stated,
1,0100230,Sphynx,1,official,female,3.175147,3.855535,4.535924,365,published,arithmetic_midpoint,A-S13,official_breed_organization,https://tica.org/breed/sphynx/,female 7-10 lb; male 8-12 lb,no sample,0100061
1,0100230,Sphynx,1,official,male,3.628739,4.535923,5.443108,365,published,arithmetic_midpoint,A-S13,official_breed_organization,https://tica.org/breed/sphynx/,female 7-10 lb; male 8-12 lb,no sample,0100061
1,0100235,Thai,1,official,female,3.175147,3.628739,4.082331,365,published,arithmetic_midpoint,A-S14,official_breed_organization,https://tica.org/breed/thai/,female 7-9 lb; male 9-12 lb,no sample,
1,0100235,Thai,1,official,male,4.082331,4.762719,5.443108,365,published,arithmetic_midpoint,A-S14,official_breed_organization,https://tica.org/breed/thai/,female 7-9 lb; male 9-12 lb,no sample,
1,0100245,Toyger,1,official,female,3.1751,3.8555,4.5359,730,model_fallback,arithmetic_midpoint,B-tica-toyger,official_feline_org,https://tica.org/breed/toyger/,TICA 7-10 lb,No sample/distribution,
1,0100245,Toyger,1,official,male,4.5359,5.6699,6.8039,730,model_fallback,arithmetic_midpoint,B-tica-toyger,official_feline_org,https://tica.org/breed/toyger/,TICA 10-15 lb,No sample/distribution,
1,0100249,Turkish Angora,2,professional_fallback,female,2.268,2.9485,3.629,730,model_fallback,arithmetic_midpoint,C-S04,professional_pet_reference,https://www.purina.com/cats/cat-breeds/turkish-angora,Purina 5-8 lb,Not peer reviewed,
1,0100249,Turkish Angora,2,professional_fallback,male,3.175,3.8555,4.536,730,model_fallback,arithmetic_midpoint,C-S04,professional_pet_reference,https://www.purina.com/cats/cat-breeds/turkish-angora,Purina 7-10 lb,Not peer reviewed,
1,0100303,Munchkin Short-Haired,1,official,female,2.268,2.7216,3.1751,730,model_fallback,arithmetic_midpoint,B-tica-munchkin,official_feline_org,https://tica.org/breed/munchkin/,TICA 5-7 lb,At-a-glance sex ranges differ from pooled narrative 5-9 lb,
1,0100303,Munchkin Short-Haired,1,official,male,3.1751,3.8555,4.5359,730,model_fallback,arithmetic_midpoint,B-tica-munchkin,official_feline_org,https://tica.org/breed/munchkin/,TICA 7-10 lb,At-a-glance sex ranges differ from pooled narrative 5-9 lb,
