rank,catalog_id,event_date,event_name,males,females,total,source_id,source_breed_label
21,VBO:0200724,2024-11-16,Eurasia RKF President's Cup 2024,28,23,51,RKF-EUR24-D1,JACK RUSSELL TERRIER
21,VBO:0200724,2024-11-17,Eurasia CIS Cup 2024,28,21,49,RKF-EUR24-D2,JACK RUSSELL TERRIER
22,VBO:0200898,2024-11-16,Eurasia RKF President's Cup 2024,23,25,48,RKF-EUR24-D1,MINIATURE SCHNAUZER P-S
22,VBO:0200898,2024-11-17,Eurasia CIS Cup 2024,24,27,51,RKF-EUR24-D2,MINIATURE SCHNAUZER P-S
23,VBO:0200420,2024-11-16,Eurasia RKF President's Cup 2024,25,23,48,RKF-EUR24-D1,DACHSHUND STANDARD SMOOTH-HAIRED
23,VBO:0200420,2024-11-17,Eurasia CIS Cup 2024,23,24,47,RKF-EUR24-D2,DACHSHUND STANDARD SMOOTH-HAIRED
24,VBO:0200193,2024-11-16,Eurasia RKF President's Cup 2024,23,27,50,RKF-EUR24-D1,BORDER COLLIE
24,VBO:0200193,2024-11-17,Eurasia CIS Cup 2024,22,22,44,RKF-EUR24-D2,BORDER COLLIE
25,VBO:0201089,2024-11-16,Eurasia RKF President's Cup 2024,18,24,42,RKF-EUR24-D1,PUG
25,VBO:0201089,2024-11-17,Eurasia CIS Cup 2024,21,29,50,RKF-EUR24-D2,PUG
