source_id,year,title,url,source_type,pages,sample,method,limitations
EURASIA-2024,2024,"Eurasia 2024 official registration statistics",https://rkfshow.ru/statistics/statistics_EUR24.htm,official_event_table,,"11,157 registrations after the parent study's two-day normalisation","Official registration tables for the two all-breed show days; ranks and counts inherited from research/pet_breed_popularity_russia.md.","Exhibition registrations are not population prevalence; owner activity and event geography affect counts."
FCI-043-2000,2000,"FCI Standard No. 43: Basenji",https://www.fci.be/Nomenclature/Standards/043g05-en.pdf,official_breed_standard,4,,"Current FCI standard; direct transcription of ideal height and weight by sex.","Conformation ideal, not an observed population distribution or juvenile series."
FCI-097-2024,2024,"FCI Standard No. 97: German Spitz",https://www.fci.be/Nomenclature/Standards/097g05-en.pdf,official_breed_standard,20,,"Current FCI standard; Pomeranian section transcribed.","Provides height with tolerance but no numeric weight."
WIKIPEDIA-POMERANIAN,2026,Pomeranian,https://en.wikipedia.org/wiki/Pomeranian_dog,secondary_encyclopedia,Appearance,,"Permitted fallback after the FCI standard's non-numeric weight statement; direct transcription of the article body's adult all-sex range.","The 1.36-3.17 kg range is not sex-specific and is secondary evidence rather than an observed population distribution."
FCI-146-2025,2025,"FCI Standard No. 146: Rhodesian Ridgeback",https://www.fci.be/Nomenclature/Standards/146g06-en.pdf,official_breed_standard,5,,"Current FCI standard; direct transcription by sex.","Conformation values are not an observed population distribution or juvenile series."
FCI-335-2011,2011,"FCI Standard No. 335: Central Asian Shepherd Dog",https://www.fci.be/Nomenclature/Standards/335g02-en.pdf,official_breed_standard,"4,7",,"Current FCI standard; direct transcription of minima and maturity statement.","Only minima are specified; no upper bounds or juvenile numeric values."
FCI-185-2007,2007,"FCI Standard No. 185: Miniature Pinscher",https://www.fci.be/Nomenclature/Standards/185g02-en.pdf,official_breed_standard,5,,"Current FCI standard; direct transcription of common-sex ranges.","Conformation ranges are not an observed population distribution or juvenile series."
MUGNIER-2019,2019,"Birth weight as a risk factor for neonatal mortality: Breed-specific approach to identify at-risk puppies",https://doi.org/10.1016/j.prevetmed.2019.104746,peer_reviewed_cohort,"2,5","6,694 puppies from 27 breeds; Pomeranian n=117","French breeder questionnaire (2015-2017); birth weights and birth-to-day-2 relative growth classified into breed-specific quartiles.","Voluntary breeder data; breed lineages and management may not generalise across countries. Values do not form a later-life growth curve."
GROPPETTI-2017,2017,"A National Census of Birth Weight in Purebred Dogs in Italy",https://doi.org/10.3390/ani7060043,peer_reviewed_cohort,"4-5","3,248 complete puppy records; Pomeranian n=11/3 litters; Rhodesian Ridgeback n=76/7 litters","Prospective questionnaire distributed through Italian Kennel Club channels; breed rows report birth-weight quartiles.","Pomeranian subsample is very small; cross-sectional at birth; sex-specific breed summaries unavailable."
ALVES-2020,2020,"A model of puppy growth during the first three weeks",https://doi.org/10.1111/rda.13764,peer_reviewed_longitudinal_cohort,4,"345 puppies across multiple breeds; Rhodesian Ridgeback n=10 in one litter","Breeders recorded weights at birth and repeatedly through 21 days; exponential curves were modelled and validated.","Rhodesian Ridgeback evidence is one litter; exact post-birth individual observations are graphical rather than tabulated."
