source_id,title,publisher,url,source_class,accessed,scope,limitations
royalcanin-neonatal-2024,Kitten Neonatal Growth Curves 0-2 months,Royal Canin SAS,https://static.royalcanin.nl/media/Corporate%20Affairs/vet-nurse-webinar/Kitten%20Neonatal%20Growth%20Curves%200-2_months.pdf,official_professional,2026-09-09,"Sacred Birman female/male; Sphynx pooled; Somali pooled; 9/25/50/75/91 centile curves days 0-62","Values are graph-digitized approximations; handbook does not expose underlying table/sample sizes on chart pages"
tica-birman,Birman,TICA,https://tica.org/breed/birman/,official_feline_org,2026-09-09,adult sex points,"UI gives 12 lb for both sexes despite narrative stating females smaller"
anicura-neva,Neva Masquerade,AniCura Nederland,https://www.anicura.nl/over-huisdieren/kat/kattenrassen/neva-masquerade/,professional_veterinary,2026-09-09,adult sex ranges,"No sample or distribution; says maturity at 3 years"
petmd-somali,Somali,PetMD,https://www.petmd.com/cat/breeds/somali,professional_veterinary_reviewed,2026-09-09,pooled adult range,"No sex split/sample"
tica-chausie,Chausie,TICA,https://tica.org/breed/chausie/,official_feline_org,2026-09-09,"adult male point; female percentage; 12-week kitten point","No range/sample; female value requires arithmetic derivation"
petmd-savannah,Savannah,PetMD,https://www.petmd.com/cat/breeds/savannah,professional_veterinary_reviewed,2026-09-09,pooled adult range,"No sex split; range depends on filial generation"
toybobcat,Toybob adult size,Singville / ITCC member cattery,https://www.toybobcat.com/,breed_club_member,2026-09-09,pooled adult range,"Not an independent official standard; no sex split/sample"
tica-toyger,Toyger,TICA,https://tica.org/breed/toyger/,official_feline_org,2026-09-09,adult sex ranges,"No sample/distribution"
tica-munchkin,Munchkin,TICA,https://tica.org/breed/munchkin/,official_feline_org,2026-09-09,adult sex ranges,"At-a-glance sex ranges differ from pooled narrative 5-9 lb"
tica-munchkin-longhair,Munchkin Longhair,TICA,https://tica.org/breed/munchkin-longhair/,official_feline_org,2026-09-09,adult sex ranges,"Coat variant; no sample/distribution"
wikipedia-selkirk,Selkirk Rex revision 1322594071,Wikipedia,https://en.wikipedia.org/w/index.php?title=Selkirk_Rex&oldid=1322594071,wikipedia_fixed_revision_fallback,2026-09-09,male adult range,"Fixed revision last edited 2025-11-17; female numeric range absent"
dogell-bambino-dwelf,Bambino vs Dwelf comparison,Dogell,https://dogell.com/en/compare-cat-breeds/bambino-vs-dwelf,open_secondary_low_authority,2026-09-09,adult sex ranges,"No methodology/sample; retain only as low-confidence provisional data"
tica-sphynx,Sphynx,TICA,https://tica.org/breed/sphynx/,official_feline_org,2026-09-09,adult sex ranges,"No sample/distribution"
tica-donskoy,Donskoy,TICA,https://tica.org/breed/donskoy/,official_feline_org,2026-09-09,qualitative adult size,"No numeric values"
tica-ocicat,Ocicat,TICA,https://tica.org/breed/ocicat/,official_feline_org,2026-09-09,adult sex ranges,"Internal conflict: at-a-glance F 8-10/M 10-12 lb; narrative F 6-9/M 9-14 lb"
zoobonus-levkoy,Ukrainian Levkoy breed profile,ZooBonus,https://zoobonus.ua/en/breed/ukrainian-levkoy,open_secondary,2026-09-09,adult sex ranges,"No methodology/sample; provisional"
