breed_id,breed,life_stage,age_days,sex,low_kg,median_kg,high_kg,statistic_status,source_id,method,notes
VBO:0100204,Sacred Birman,adult,,female,5.4431,5.4431,5.4431,published_point,tica-birman,lb_to_kg,"TICA displays 12 lb for both sexes although its text says females are appreciably smaller; treat as low-confidence point, not a range"
VBO:0100204,Sacred Birman,adult,,male,5.4431,5.4431,5.4431,published_point,tica-birman,lb_to_kg,"TICA displays 12 lb for both sexes; point estimate only"
VBO:0100204,Sacred Birman,neonatal,0,female,0.070,0.090,0.110,chart_digitized,royalcanin-neonatal-2024,visual_digitization,"9th/50th/91st centiles; approximate reading from published graph"
VBO:0100204,Sacred Birman,neonatal,7,female,0.130,0.165,0.205,chart_digitized,royalcanin-neonatal-2024,visual_digitization,"9th/50th/91st centiles"
VBO:0100204,Sacred Birman,neonatal,14,female,0.180,0.235,0.295,chart_digitized,royalcanin-neonatal-2024,visual_digitization,"9th/50th/91st centiles"
VBO:0100204,Sacred Birman,neonatal,20,female,0.240,0.310,0.370,chart_digitized,royalcanin-neonatal-2024,visual_digitization,"9th/50th/91st centiles"
VBO:0100204,Sacred Birman,neonatal,21,female,0.250,0.315,0.390,chart_digitized,royalcanin-neonatal-2024,visual_digitization,"second panel begins at day 21"
VBO:0100204,Sacred Birman,neonatal,35,female,0.370,0.450,0.570,chart_digitized,royalcanin-neonatal-2024,visual_digitization,"9th/50th/91st centiles"
VBO:0100204,Sacred Birman,neonatal,49,female,0.500,0.650,0.820,chart_digitized,royalcanin-neonatal-2024,visual_digitization,"9th/50th/91st centiles"
VBO:0100204,Sacred Birman,neonatal,61,female,0.670,0.850,1.050,chart_digitized,royalcanin-neonatal-2024,visual_digitization,"9th/50th/91st centiles"
VBO:0100204,Sacred Birman,neonatal,0,male,0.080,0.100,0.120,chart_digitized,royalcanin-neonatal-2024,visual_digitization,"9th/50th/91st centiles; approximate reading"
VBO:0100204,Sacred Birman,neonatal,7,male,0.140,0.175,0.215,chart_digitized,royalcanin-neonatal-2024,visual_digitization,"9th/50th/91st centiles"
VBO:0100204,Sacred Birman,neonatal,14,male,0.195,0.245,0.300,chart_digitized,royalcanin-neonatal-2024,visual_digitization,"9th/50th/91st centiles"
VBO:0100204,Sacred Birman,neonatal,20,male,0.260,0.325,0.390,chart_digitized,royalcanin-neonatal-2024,visual_digitization,"9th/50th/91st centiles"
VBO:0100204,Sacred Birman,neonatal,21,male,0.270,0.340,0.420,chart_digitized,royalcanin-neonatal-2024,visual_digitization,"second panel begins at day 21"
VBO:0100204,Sacred Birman,neonatal,35,male,0.400,0.500,0.620,chart_digitized,royalcanin-neonatal-2024,visual_digitization,"9th/50th/91st centiles"
VBO:0100204,Sacred Birman,neonatal,49,male,0.550,0.700,0.860,chart_digitized,royalcanin-neonatal-2024,visual_digitization,"9th/50th/91st centiles"
VBO:0100204,Sacred Birman,neonatal,61,male,0.720,0.930,1.140,chart_digitized,royalcanin-neonatal-2024,visual_digitization,"9th/50th/91st centiles"
VBO:0100173,Neva Masquerade,adult,,female,4.000,5.000,6.000,midpoint_derived,anicura-neva,range_midpoint,"Veterinary network breed page; median is arithmetic midpoint, not published median"
VBO:0100173,Neva Masquerade,adult,,male,4.500,6.750,9.000,midpoint_derived,anicura-neva,range_midpoint,"Veterinary network breed page; late maturity around 3 years; median is midpoint"
VBO:0100229,Somali,adult,,pooled,2.7216,3.6287,4.5359,midpoint_derived,petmd-somali,lb_to_kg_and_midpoint,"Veterinarian-reviewed page gives pooled 6-10 lb only; no numeric sex split"
VBO:0100229,Somali,adult,,female,,,,gap,petmd-somali,none,"Sex-specific adult range unavailable"
VBO:0100229,Somali,adult,,male,,,,gap,petmd-somali,none,"Sex-specific adult range unavailable"
VBO:0100229,Somali,neonatal,0,pooled,0.070,0.090,0.115,chart_digitized,royalcanin-neonatal-2024,visual_digitization,"9th/50th/91st centiles; pooled sex"
VBO:0100229,Somali,neonatal,7,pooled,0.140,0.190,0.230,chart_digitized,royalcanin-neonatal-2024,visual_digitization,"9th/50th/91st centiles"
VBO:0100229,Somali,neonatal,14,pooled,0.215,0.275,0.330,chart_digitized,royalcanin-neonatal-2024,visual_digitization,"9th/50th/91st centiles"
VBO:0100229,Somali,neonatal,20,pooled,0.285,0.355,0.430,chart_digitized,royalcanin-neonatal-2024,visual_digitization,"9th/50th/91st centiles"
VBO:0100229,Somali,neonatal,21,pooled,0.290,0.365,0.450,chart_digitized,royalcanin-neonatal-2024,visual_digitization,"second panel begins at day 21"
VBO:0100229,Somali,neonatal,35,pooled,0.410,0.520,0.660,chart_digitized,royalcanin-neonatal-2024,visual_digitization,"9th/50th/91st centiles"
VBO:0100229,Somali,neonatal,49,pooled,0.570,0.750,0.910,chart_digitized,royalcanin-neonatal-2024,visual_digitization,"9th/50th/91st centiles"
VBO:0100229,Somali,neonatal,61,pooled,0.660,0.880,1.080,chart_digitized,royalcanin-neonatal-2024,visual_digitization,"9th/50th/91st centiles"
VBO:0100068,Chausie,adult,,female,5.7833,5.7833,5.7833,derived_point,tica-chausie,lb_to_kg_and_percentage,"TICA: male 15 lb; females 15% smaller; no range"
VBO:0100068,Chausie,adult,,male,6.8039,6.8039,6.8039,published_point,tica-chausie,lb_to_kg,"TICA point estimate, no range"
VBO:0100068,Chausie,juvenile,84,pooled,1.3608,1.3608,1.3608,published_point,tica-chausie,lb_to_kg,"TICA explicitly states kitten 3 lb at 12 weeks; sex not stated"
VBO:0100208,Savannah,adult,,pooled,4.9895,7.0307,9.0718,midpoint_derived,petmd-savannah,lb_to_kg_and_midpoint,"Veterinarian-reviewed 11-20 lb; depends strongly on filial generation"
VBO:0100208,Savannah,adult,,female,,,,gap,petmd-savannah,none,"No defensible sex-specific numeric range; generation is major confounder"
VBO:0100208,Savannah,adult,,male,,,,gap,petmd-savannah,none,"No defensible sex-specific numeric range; generation is major confounder"
VBO:0100244,Toybob,adult,,pooled,1.8144,2.4948,3.1751,midpoint_derived,toybobcat,lb_to_kg_and_midpoint,"Breed-club member cattery reports 4-7 lb pooled; no sex split"
VBO:0100244,Toybob,adult,,female,,,,gap,toybobcat,none,"Sex-specific numeric range unavailable"
VBO:0100244,Toybob,adult,,male,,,,gap,toybobcat,none,"Sex-specific numeric range unavailable"
VBO:0100245,Toyger,adult,,female,3.1751,3.8555,4.5359,midpoint_derived,tica-toyger,lb_to_kg_and_midpoint,"TICA 7-10 lb; midpoint derived"
VBO:0100245,Toyger,adult,,male,4.5359,5.6699,6.8039,midpoint_derived,tica-toyger,lb_to_kg_and_midpoint,"TICA 10-15 lb; midpoint derived"
VBO:0100303,Munchkin Short-Haired,adult,,female,2.2680,2.7216,3.1751,midpoint_derived,tica-munchkin,lb_to_kg_and_midpoint,"TICA 5-7 lb; midpoint derived"
VBO:0100303,Munchkin Short-Haired,adult,,male,3.1751,3.8555,4.5359,midpoint_derived,tica-munchkin,lb_to_kg_and_midpoint,"TICA 7-10 lb; midpoint derived"
VBO:0100217,Selkirk Rex Shorthair,adult,,female,,,,gap,wikipedia-selkirk,none,"Fallback says females smaller but gives no numeric female range"
VBO:0100217,Selkirk Rex Shorthair,adult,,male,5.4431,6.1235,6.8039,midpoint_derived,wikipedia-selkirk,lb_to_kg_and_midpoint,"Wikipedia fallback 12-15 lb male; applies to Selkirk Rex without coat distinction"
VBO:0100037,Bambino,adult,,female,2.300,2.750,3.200,midpoint_derived,dogell-bambino-dwelf,range_midpoint,"Low-authority open source; no official/veterinary numeric range found"
VBO:0100037,Bambino,adult,,male,2.300,3.200,4.100,midpoint_derived,dogell-bambino-dwelf,range_midpoint,"Low-authority open source; no official/veterinary numeric range found"
VBO:0100061,Canadian Sphynx,adult,,female,3.1751,3.8555,4.5359,midpoint_derived,tica-sphynx,lb_to_kg_and_midpoint,"TICA 7-10 lb; midpoint derived"
VBO:0100061,Canadian Sphynx,adult,,male,3.6287,4.5359,5.4431,midpoint_derived,tica-sphynx,lb_to_kg_and_midpoint,"TICA 8-12 lb; midpoint derived"
VBO:0100061,Canadian Sphynx,neonatal,0,pooled,0.070,0.090,0.110,chart_digitized,royalcanin-neonatal-2024,visual_digitization,"9th/50th/91st centiles; pooled sex"
VBO:0100061,Canadian Sphynx,neonatal,7,pooled,0.135,0.175,0.220,chart_digitized,royalcanin-neonatal-2024,visual_digitization,"9th/50th/91st centiles"
VBO:0100061,Canadian Sphynx,neonatal,14,pooled,0.205,0.250,0.300,chart_digitized,royalcanin-neonatal-2024,visual_digitization,"9th/50th/91st centiles"
VBO:0100061,Canadian Sphynx,neonatal,20,pooled,0.260,0.325,0.390,chart_digitized,royalcanin-neonatal-2024,visual_digitization,"9th/50th/91st centiles"
VBO:0100061,Canadian Sphynx,neonatal,21,pooled,0.270,0.340,0.410,chart_digitized,royalcanin-neonatal-2024,visual_digitization,"second panel begins at day 21"
VBO:0100061,Canadian Sphynx,neonatal,35,pooled,0.390,0.480,0.590,chart_digitized,royalcanin-neonatal-2024,visual_digitization,"9th/50th/91st centiles"
VBO:0100061,Canadian Sphynx,neonatal,49,pooled,0.560,0.680,0.900,chart_digitized,royalcanin-neonatal-2024,visual_digitization,"9th/50th/91st centiles"
VBO:0100061,Canadian Sphynx,neonatal,61,pooled,0.770,0.980,1.180,chart_digitized,royalcanin-neonatal-2024,visual_digitization,"9th/50th/91st centiles"
VBO:0100086,Donskoy,adult,,female,,,,gap,tica-donskoy,none,"Official TICA profile only states medium size and male larger"
VBO:0100086,Donskoy,adult,,male,,,,gap,tica-donskoy,none,"Official TICA profile only states medium size and male larger"
VBO:0100089,Dwelf,adult,,female,1.400,2.500,3.600,midpoint_derived,dogell-bambino-dwelf,range_midpoint,"Low-authority open source; no official/veterinary numeric range found"
VBO:0100089,Dwelf,adult,,male,1.800,2.950,4.100,midpoint_derived,dogell-bambino-dwelf,range_midpoint,"Low-authority open source; no official/veterinary numeric range found"
VBO:0100179,Ocicat,adult,,female,3.6287,4.0823,4.5359,midpoint_derived,tica-ocicat,lb_to_kg_and_midpoint,"Uses TICA at-a-glance 8-10 lb; narrative body conflicts (6-9 lb)"
VBO:0100179,Ocicat,adult,,male,4.5359,4.9895,5.4431,midpoint_derived,tica-ocicat,lb_to_kg_and_midpoint,"Uses TICA at-a-glance 10-12 lb; narrative body conflicts (9-14 lb)"
VBO:0100170,Munchkin Longhair,adult,,female,2.2680,2.7216,3.1751,midpoint_derived,tica-munchkin-longhair,lb_to_kg_and_midpoint,"TICA 5-7 lb; same breed differentiated only by coat"
VBO:0100170,Munchkin Longhair,adult,,male,3.1751,3.8555,4.5359,midpoint_derived,tica-munchkin-longhair,lb_to_kg_and_midpoint,"TICA 7-10 lb; same breed differentiated only by coat"
VBO:0100252,Ukrainian Levkoy,adult,,female,3.500,4.000,4.500,midpoint_derived,zoobonus-levkoy,range_midpoint,"Open pet portal; midpoint derived; no official/veterinary numeric range found"
VBO:0100252,Ukrainian Levkoy,adult,,male,4.500,5.000,5.500,midpoint_derived,zoobonus-levkoy,range_midpoint,"Open pet portal; midpoint derived; no official/veterinary numeric range found"
