source_id,title,url,source_class,published_or_updated,accessed,scope,method_sample_geography,limitations
S01,Peterbald - TICA,https://tica.org/breed/peterbald/,official_feline_organization,current_page,2026-09-09,"adult sex ranges","Breed information page; no sample or geography stated","Descriptive range; not a population study"
S02,Selkirk Rex Cat Breed Information - Purina US,https://www.purina.com/cats/cat-breeds/selkirk-rex,professional_pet_reference,current_page,2026-09-09,"adult sex ranges; both coat lengths","Editorial breed guide; no sample stated","Not peer reviewed; range provenance not stated"
S03,Minuet Longhair - TICA,https://tica.org/breed/minuet-longhair/,official_feline_organization,current_page,2026-09-09,"adult unisex average range","Breed information page; no sample stated","No sex split; wording 'on average 7-to-8 pounds' treated as range, not measured median"
S04,Turkish Angora Cat Breed Information - Purina US,https://www.purina.com/cats/cat-breeds/turkish-angora,professional_pet_reference,current_page,2026-09-09,"adult sex ranges","Editorial breed guide; no sample stated","Not peer reviewed"
S05,Burmilla breed guide - Hill's Spain,https://www.hillspet.es/cat-care/cat-breeds/burmilla,professional_veterinary_reference,current_page,2026-09-09,"adult sex ranges","Veterinary nutrition company breed guide; no sample stated","Both sexes given same 4-5 kg range; not peer reviewed"
S06,American Shorthair Cat Breed Information - Purina US,https://www.purina.com/cats/cat-breeds/american-shorthair,professional_pet_reference,current_page,2026-09-09,"adult sex ranges","Editorial breed guide; no sample stated","Not peer reviewed"
S07,Live capture and handling of Taiwanese leopard cats,https://nsojournals.onlinelibrary.wiley.com/doi/abs/10.1002/wlb3.01032,peer_reviewed,2022,2026-09-09,"adult sex means","Eight wild leopard cats captured in Taiwan; reported male 3.70±0.25 kg and female 2.34±0.42 kg","Small wild sample; mean±SE only; not domestic breed; min/max not exposed"
S08,Balinese - TICA,https://tica.org/breed/balinese/,official_feline_organization,current_page,2026-09-09,"adult sex ranges","Breed information page; no sample stated","Descriptive range; not a population study"
S09,Bombay Cat Breed Information - Purina US,https://www.purina.com/cats/cat-breeds/bombay,professional_pet_reference,current_page,2026-09-09,"adult sex ranges","Editorial breed guide; no sample stated","Not peer reviewed"
S10,Egyptian Mau Cat Breed Information - Purina US,https://www.purina.com/cats/cat-breeds/egyptian-mau,professional_pet_reference,current_page,2026-09-09,"adult sex ranges","Editorial breed guide; no sample stated","Not peer reviewed"
S11,Munchkin - TICA,https://tica.org/breed/munchkin/,official_feline_organization,current_page,2026-09-09,"adult sex ranges","Breed information page; no sample stated","Descriptive range; not a population study"
S12,Nebelung Cat Breed Health and Care - PetMD,https://www.petmd.com/cat/breeds/nebelung,professional_veterinary_reference,2024-07-01,2026-09-09,"adult unisex range","Veterinarian-reviewed breed guide; no sample stated","No sex split; not a population study"
S13,Royal Canin Kitten Neonatal Growth Curves 0-2 months,https://static.royalcanin.nl/media/Corporate%20Affairs/vet-nurse-webinar/Kitten%20Neonatal%20Growth%20Curves%200-2_months.pdf,professional_research_reference,2024-06-14,2026-09-09,"breed centile curves birth-62 days","250000+ weights; 6600+ healthy kittens; 36 breeds; 220 French breeding facilities; retrospective longitudinal; NeoCare ENVT and Seenovate","Graph only, no numeric table; most breeds combine sexes; some templates group similar breeds; exact graph values require separate documented digitization"
S14,Preventing Fading Kitten Syndrome in Hairless Peterbald Cats,https://www.kantrowitz.com/peterbald/preventing-fading-kitten-syndrome.pdf,open_breeder_reference,current_pdf,2026-09-09,"Peterbald birth range","Breeder-authored husbandry note states 60-80 g at birth","Not official or peer reviewed; sample and geography not stated"
S15,World Species - Prionailurus bengalensis,https://worldspecies.org/ntaxa/901844,open_secondary_reference,current_page,2026-09-09,"wild Asian leopard cat birth mean","Species database reports 96 g","Underlying reference not exposed in search result; wild species; requires validation before product use"
S16,Oriental Longhair - TICA,https://tica.org/breed/oriental-longhair/,official_feline_organization,current_page,2026-09-09,"adult sex ranges","Breed information page; no sample stated","Descriptive range; not a population study"
S17,Siamese - TICA,https://tica.org/breed/siamese/,official_feline_organization,current_page,2026-09-09,"adult sex ranges used as Seychellois proxy","TICA identifies shared Siamese breed-group body type; French Wikipedia states Seychellois standard identical to Siamese/Oriental","Proxy, not direct Seychellois measurement; requires product-owner acceptance"
S18,Ural Rex - Russian Wikipedia,https://ru.wikipedia.org/wiki/%D0%A3%D1%80%D0%B0%D0%BB%D1%8C%D1%81%D0%BA%D0%B8%D0%B9_%D1%80%D0%B5%D0%BA%D1%81,open_encyclopedia,current_page_seen_2026-09-09,2026-09-09,"adult sex ranges","Open encyclopedia; cites secondary pet sources","Fallback only; fixed oldid was not captured; official WCF standard gives morphology but no numeric weight"
S19,WCF Ural Rex Longhair standard,https://wcf.de/pdf-en/breed/URL_en_2010-01-01.pdf,official_feline_organization,2010-01-01,2026-09-09,"breed identity and morphology","Official standard","No numeric weight"
