breed,vbo_id,sex,stage,age_days,low_kg,median_kg,high_kg,median_kind,status,source_id,notes
Peterbald,0100189,female,adult,,2.268,2.722,3.175,midpoint,published_range,S01,"TICA 5-7 lb; conversion uses 1 lb=0.45359237 kg"
Peterbald,0100189,male,adult,,3.175,3.855,4.536,midpoint,published_range,S01,"TICA 7-10 lb; conversion uses 1 lb=0.45359237 kg"
Peterbald,0100189,combined,birth,0,0.060,0.070,0.080,midpoint,open_source_range,S14,"Breeder-authored husbandry PDF; not peer reviewed; low-birth-weight population claim"
Peterbald,0100189,combined,neonatal_curve,0-62,,,,not_available,graph_only_not_digitized,S13,"Royal Canin centiles 9/25/50/75/91; no numeric table, exact values not transcribed"
Selkirk Rex Longhair,0100216,female,adult,,2.722,4.082,5.443,midpoint,published_range,S02,"Purina 6-12 lb; source covers both coat lengths"
Selkirk Rex Longhair,0100216,male,adult,,4.990,6.123,7.257,midpoint,published_range,S02,"Purina 11-16 lb; source covers both coat lengths"
Selkirk Rex Longhair,0100216,combined,birth,0,,,,not_available,gap,,"No exact numeric breed-specific birth weight found"
Selkirk Rex Longhair,0100216,combined,neonatal_curve,0-62,,,,not_available,graph_only_not_digitized,S13,"Royal Canin chart explicitly applies when hair length unspecified"
Minuet,0100163,female,adult,,3.175,3.402,3.629,midpoint,unisex_proxy,S03,"TICA says adults average 7-8 lb, no sex split; same unisex range provisionally repeated"
Minuet,0100163,male,adult,,3.175,3.402,3.629,midpoint,unisex_proxy,S03,"TICA says adults average 7-8 lb, no sex split; same unisex range provisionally repeated"
Minuet,0100163,combined,birth,0,,,,not_available,gap,,"No exact numeric breed-specific birth weight found"
Minuet,0100163,combined,intermediate,,,,,not_available,gap,,"No exact numeric breed-specific intermediate weights found"
Minuet Longhair,0100164,female,adult,,3.175,3.402,3.629,midpoint,unisex_proxy,S03,"TICA Minuet Longhair page says adults average 7-8 lb, no sex split"
Minuet Longhair,0100164,male,adult,,3.175,3.402,3.629,midpoint,unisex_proxy,S03,"TICA Minuet Longhair page says adults average 7-8 lb, no sex split"
Minuet Longhair,0100164,combined,birth,0,,,,not_available,gap,,"No exact numeric breed-specific birth weight found"
Minuet Longhair,0100164,combined,intermediate,,,,,not_available,gap,,"No exact numeric breed-specific intermediate weights found"
Turkish Angora,0100249,female,adult,,2.268,2.948,3.629,midpoint,published_range,S04,"Purina 5-8 lb"
Turkish Angora,0100249,male,adult,,3.175,3.855,4.536,midpoint,published_range,S04,"Purina 7-10 lb"
Turkish Angora,0100249,combined,birth,0,,,,not_available,gap,,"No exact numeric breed-specific birth weight found"
Turkish Angora,0100249,combined,intermediate,,,,,not_available,gap,,"Peer-reviewed/open records found describe samples but did not expose exact age-weight table"
Burmilla,0100056,female,adult,,4.000,4.500,5.000,midpoint,published_range,S05,"Hill's professional breed guide 4-5 kg"
Burmilla,0100056,male,adult,,4.000,4.500,5.000,midpoint,published_range,S05,"Hill's professional breed guide 4-5 kg"
Burmilla,0100056,combined,birth,0,,,,not_available,gap,,"No exact numeric breed-specific birth weight found"
Burmilla,0100056,combined,intermediate,,,,,not_available,gap,,"No exact numeric breed-specific intermediate weights found"
American Shorthair,0100018,female,adult,,3.629,4.536,5.443,midpoint,published_range,S06,"Purina 8-12 lb"
American Shorthair,0100018,male,adult,,4.990,5.897,6.804,midpoint,published_range,S06,"Purina 11-15 lb"
American Shorthair,0100018,combined,birth,0,,,,not_available,gap,,"No exact numeric breed-specific birth weight found"
American Shorthair,0100018,combined,intermediate,,,,,not_available,gap,,"No exact numeric breed-specific intermediate weights found"
Asian Leopard Cat,0100029,female,adult,,,2.340,,published_mean,mean_only,S07,"Wild species Prionailurus bengalensis; Taiwan capture sample; mean±SE 2.34±0.42 kg; no min/max"
Asian Leopard Cat,0100029,male,adult,,,3.700,,published_mean,mean_only,S07,"Wild species Prionailurus bengalensis; Taiwan capture sample; mean±SE 3.70±0.25 kg; no min/max"
Asian Leopard Cat,0100029,combined,birth,0,,0.096,,published_mean,secondary_mean_only,S15,"Secondary species database; verify VBO concept because this is a wild species, not a domestic breed"
Asian Leopard Cat,0100029,combined,intermediate,,,,,not_available,gap,,"No exact numeric age-specific weights found"
Balinese,0100036,female,adult,,2.268,2.948,3.629,midpoint,published_range,S08,"TICA 5-8 lb"
Balinese,0100036,male,adult,,3.629,4.536,5.443,midpoint,published_range,S08,"TICA 8-12 lb"
Balinese,0100036,combined,birth,0,,,,not_available,gap,,"No exact numeric breed-specific birth weight found"
Balinese,0100036,combined,intermediate,,,,,not_available,gap,,"No exact numeric breed-specific intermediate weights found"
Bombay,0100045,female,adult,,2.722,3.402,4.082,midpoint,published_range,S09,"Purina 6-9 lb"
Bombay,0100045,male,adult,,3.629,4.309,4.990,midpoint,published_range,S09,"Purina 8-11 lb"
Bombay,0100045,combined,birth,0,,,,not_available,graph_only_not_digitized,S13,"Royal Canin breed chart includes day 0 but no numeric table"
Bombay,0100045,combined,neonatal_curve,0-62,,,,not_available,graph_only_not_digitized,S13,"Centiles 9/25/50/75/91; both sexes combined"
Egyptian Mau,0100090,female,adult,,2.722,3.629,4.536,midpoint,published_range,S10,"Purina 6-10 lb"
Egyptian Mau,0100090,male,adult,,4.536,5.443,6.350,midpoint,published_range,S10,"Purina 10-14 lb"
Egyptian Mau,0100090,combined,birth,0,,,,not_available,graph_only_not_digitized,S13,"Royal Canin breed chart includes day 0 but no numeric table"
Egyptian Mau,0100090,combined,neonatal_curve,0-62,,,,not_available,graph_only_not_digitized,S13,"Centiles 9/25/50/75/91; both sexes combined"
Munchkin,0100169,female,adult,,2.268,2.722,3.175,midpoint,published_range,S11,"TICA 5-7 lb"
Munchkin,0100169,male,adult,,3.175,3.855,4.536,midpoint,published_range,S11,"TICA 7-10 lb"
Munchkin,0100169,combined,birth,0,,,,not_available,graph_only_not_digitized,S13,"Royal Canin breed chart includes day 0 but no numeric table"
Munchkin,0100169,combined,neonatal_curve,0-62,,,,not_available,graph_only_not_digitized,S13,"Centiles 9/25/50/75/91; applies to both hair lengths and sexes"
Nebelung,0100172,female,adult,,3.175,4.990,6.804,midpoint,unisex_proxy,S12,"PetMD 7-15 lb unisex; no sex split"
Nebelung,0100172,male,adult,,3.175,4.990,6.804,midpoint,unisex_proxy,S12,"PetMD 7-15 lb unisex; no sex split"
Nebelung,0100172,combined,birth,0,,,,not_available,gap,,"No exact numeric breed-specific birth weight found"
Nebelung,0100172,combined,intermediate,,,,,not_available,gap,,"No exact numeric breed-specific intermediate weights found"
Oriental Longhair,0100183,female,adult,,2.268,2.948,3.629,midpoint,published_range,S16,"TICA 5-8 lb"
Oriental Longhair,0100183,male,adult,,3.629,4.536,5.443,midpoint,published_range,S16,"TICA 8-12 lb"
Oriental Longhair,0100183,combined,birth,0,,,,not_available,graph_only_not_digitized,S13,"Royal Canin Oriental chart includes day 0; applies to both hair lengths only by breed-group inference"
Oriental Longhair,0100183,combined,neonatal_curve,0-62,,,,not_available,graph_only_not_digitized,S13,"Centiles 9/25/50/75/91; both sexes combined"
Seychellois Short Hair,0100314,female,adult,,2.268,2.948,3.629,midpoint,breed_standard_proxy,S17,"Seychellois standard is identical to Siamese/Oriental; TICA Siamese female range used as explicit proxy"
Seychellois Short Hair,0100314,male,adult,,3.629,4.536,5.443,midpoint,breed_standard_proxy,S17,"Seychellois standard is identical to Siamese/Oriental; TICA Siamese male range used as explicit proxy"
Seychellois Short Hair,0100314,combined,birth,0,,,,not_available,gap,,"No exact numeric breed-specific birth weight found"
Seychellois Short Hair,0100314,combined,intermediate,,,,,not_available,gap,,"No exact numeric breed-specific intermediate weights found"
Ural Rex,0100253,female,adult,,3.000,3.250,3.500,midpoint,open_source_range,S18,"Russian Wikipedia current page 3-3.5 kg; official WCF standard has no numeric weight"
Ural Rex,0100253,male,adult,,4.000,5.000,6.000,midpoint,open_source_range,S18,"Russian Wikipedia current page 4-6 kg; official WCF standard has no numeric weight"
Ural Rex,0100253,combined,birth,0,,,,not_available,gap,,"No exact numeric breed-specific birth weight found"
Ural Rex,0100253,combined,intermediate,,,,,not_available,gap,,"No exact numeric breed-specific intermediate weights found"
