breed_en,breed_ru,vbo_id,sex,life_stage,age_days_min,age_days_max,lower_kg,median_kg,upper_kg,statistic,median_status,source_id,limitations
Bengal,Бенгальская,0100040,female,adult,730,,2.721554,4.082331,5.443108,published_range,derived_midpoint,S01,"TICA approximate range; body-condition assessment still required"
Bengal,Бенгальская,0100040,male,adult,730,,4.082331,5.443108,6.803886,published_range,derived_midpoint,S01,"TICA approximate range; body-condition assessment still required"
Bengal,Бенгальская,0100040,combined,birth,0,0,,,0.0882,published_mean,not_median,S15,"mean 88.2 g SD 15.7; French pedigree catteries; sex-combined"
Abyssinian,Абиссинская,0100000,female,adult,365,,2.721554,3.401943,4.082331,published_range,derived_midpoint,S02,"TICA range; midpoint is not an observed median"
Abyssinian,Абиссинская,0100000,male,adult,365,,3.175147,4.309127,5.443108,published_range,derived_midpoint,S02,"TICA range; midpoint is not an observed median"
Abyssinian,Абиссинская,0100000,combined,birth,0,0,,,0.0972,published_mean,not_median,S15,"Abyssinian/Somali pooled; n=264; mean 97.2 g SD 11.8"
Oriental Shorthair,Ориентальная короткошёрстная,0100184,female,adult,548,730,2.267962,2.948350,3.628739,published_range,derived_midpoint,S03,"TICA approximate range; full maturity stated 18-24 months"
Oriental Shorthair,Ориентальная короткошёрстная,0100184,male,adult,548,730,3.628739,4.535924,5.443108,published_range,derived_midpoint,S03,"TICA approximate range; full maturity stated 18-24 months"
Oriental Shorthair,Ориентальная короткошёрстная,0100184,combined,birth,0,0,,,0.0955,published_mean,not_median,S16,"Balinese/Mandarin/Oriental/Siamese pooled; n=96; mean 95.5 g SD 13.2"
Oriental Shorthair,Ориентальная короткошёрстная,0100184,combined,intermediate,60,60,,0.853,,published_group_extreme,not_median,S17,"abstract reports Oriental group D60 weight as lowest among breeds; statistic wording does not expose dispersion"
Devon Rex,Девон-рекс,0100084,female,adult,365,,2.267962,2.721554,3.175147,published_range,derived_midpoint,S04,"TICA range; midpoint is not an observed median"
Devon Rex,Девон-рекс,0100084,male,adult,365,,3.175147,3.628739,4.082331,published_range,derived_midpoint,S04,"TICA range; midpoint is not an observed median"
Devon Rex,Девон-рекс,0100084,combined,birth,0,0,,,,gap,not_available,,"no qualifying breed-specific birth figure located"
Devon Rex,Девон-рекс,0100084,combined,intermediate,,,,,,gap,not_available,,"no qualifying extractable exact-age breed-specific point located"
Exotic Shorthair,Экзотическая короткошёрстная,0100096,combined,adult,365,,4.082331,4.762720,5.443108,published_range,derived_midpoint,S05,"VCA sex-combined 9-12 lb; sex-specific ranges unavailable from stronger source"
Exotic Shorthair,Экзотическая короткошёрстная,0100096,combined,birth,0,0,,,0.0855,published_mean,not_median,S15,"Persian/Exotic pooled; n=365; mean 85.5 g SD 15.0"
Exotic Shorthair,Экзотическая короткошёрстная,0100096,combined,intermediate,,,,,,gap,not_available,,"no qualifying extractable exact-age breed-specific point located"
Persian,Персидская,0100188,female,adult,365,,3.175147,4.082331,4.989516,published_range,derived_midpoint,S06,"professional veterinary reference; midpoint not observed median"
Persian,Персидская,0100188,male,adult,365,,4.082331,5.216312,6.350293,published_range,derived_midpoint,S06,"professional veterinary reference; midpoint not observed median"
Persian,Персидская,0100188,combined,birth,0,0,,,0.0855,published_mean,not_median,S15,"Persian/Exotic pooled; n=365; mean 85.5 g SD 15.0"
Persian,Персидская,0100188,combined,intermediate,,,,,,gap,not_available,,"published VetCompass growth curves exist but no exact points extracted from the graph"
Cornish Rex,Корниш-рекс,0100077,female,adult,365,,2.267962,2.721554,3.175147,published_range,derived_midpoint,S07,"TICA narrative range; midpoint not observed median"
Cornish Rex,Корниш-рекс,0100077,male,adult,365,,3.628739,4.082331,4.535924,published_range,derived_midpoint,S07,"TICA narrative range; midpoint not observed median"
Cornish Rex,Корниш-рекс,0100077,combined,birth,0,0,,,,gap,not_available,,"no qualifying breed-specific birth figure located"
Cornish Rex,Корниш-рекс,0100077,combined,intermediate,,,,,,gap,not_available,,"no qualifying extractable exact-age breed-specific point located"
Russian Blue,Русская голубая,0100200,female,adult,365,,3.175147,3.855535,4.535924,published_range,derived_midpoint,S08,"APOP says starting point only; source does not expose underlying sample"
Russian Blue,Русская голубая,0100200,male,adult,365,,4.535924,4.989516,5.443108,published_range,derived_midpoint,S08,"APOP says starting point only; source does not expose underlying sample"
Russian Blue,Русская голубая,0100200,combined,birth,0,0,,,0.0927,published_mean,not_median,S15,"Russian Blue/Nebelung pooled; n=108; mean 92.7 g SD 15.2"
Russian Blue,Русская голубая,0100200,combined,intermediate,,,,,,gap,not_available,,"no qualifying exact-age breed-specific point located"
Norwegian Forest Cat,Норвежская лесная,0100178,female,adult,1825,,3.628739,4.535924,5.443108,published_range,derived_midpoint,S09,"TICA states slow maturity up to 5 years"
Norwegian Forest Cat,Норвежская лесная,0100178,male,adult,1825,,5.443108,6.803886,8.164662,published_range,derived_midpoint,S09,"TICA states slow maturity up to 5 years"
Norwegian Forest Cat,Норвежская лесная,0100178,combined,birth,0,0,,,0.1099,published_mean,not_median,S15,"n=806; mean 109.9 g SD 17.7; French pedigree catteries"
Norwegian Forest Cat,Норвежская лесная,0100178,combined,intermediate,,,,,,gap,not_available,,"2011 paper follows kittens to 12 weeks but exact table points were not recoverable in this pass"
Burmese,Бурманская,0100053,female,adult,548,,2.721554,3.401943,4.082331,published_range,derived_midpoint,S10,"GCCF care page; British breed context"
Burmese,Бурманская,0100053,male,adult,548,,4.989516,5.669904,6.350293,published_range,derived_midpoint,S10,"GCCF care page; British breed context"
Burmese,Бурманская,0100053,combined,birth,0,0,,,,gap,not_available,,"no qualifying breed-specific birth figure located"
Burmese,Бурманская,0100053,combined,intermediate,,,,,,gap,not_available,,"no qualifying extractable exact-age breed-specific point located"
Ragdoll,Рэгдолл,0100196,female,adult,1460,,4.535924,5.669904,6.803886,published_range,derived_midpoint,S11,"TICA says full maturity up to 4 years"
Ragdoll,Рэгдолл,0100196,male,adult,1460,,6.803886,7.937866,9.071847,published_range,derived_midpoint,S11,"TICA says full maturity up to 4 years"
Ragdoll,Рэгдолл,0100196,combined,birth,0,0,,,0.1003,published_mean,not_median,S15,"n=331; mean 100.3 g SD 13.5; French pedigree catteries"
Ragdoll,Рэгдолл,0100196,combined,intermediate,,,,,,gap,not_available,,"VetCompass curves exist through age but exact plotted values not extracted"
Kurilian Bobtail Longhair,Курильский бобтейл длинношёрстный,0100147,female,adult,730,,3.628739,4.309127,4.989516,published_range,derived_midpoint,S12,"TICA breed-group page applies to both coat lengths"
Kurilian Bobtail Longhair,Курильский бобтейл длинношёрстный,0100147,male,adult,730,,,,6.803886,published_upper_bound,not_available,S12,"TICA says males can weigh as much as 15 lb (6.803886 kg); no lower bound, so no range/midpoint"
Kurilian Bobtail Longhair,Курильский бобтейл длинношёрстный,0100147,combined,birth,0,0,,,,gap,not_available,,"no qualifying breed-specific birth figure located"
Kurilian Bobtail Longhair,Курильский бобтейл длинношёрстный,0100147,combined,intermediate,,,,,,gap,not_available,,"no qualifying exact-age breed-specific point located"
Sphynx,Сфинкс,0100230,female,adult,365,,3.175147,3.855535,4.535924,published_range,derived_midpoint,S13,"TICA range; midpoint not observed median"
Sphynx,Сфинкс,0100230,male,adult,365,,3.628739,4.535924,5.443108,published_range,derived_midpoint,S13,"TICA range; midpoint not observed median"
Sphynx,Сфинкс,0100230,combined,birth,0,0,,,0.0903,published_mean,not_median,S15,"n=121; mean 90.3 g SD 14.6; French pedigree catteries"
Sphynx,Сфинкс,0100230,combined,intermediate,,,,,,gap,not_available,,"no qualifying exact-age breed-specific point located"
Kurilian Bobtail Shorthair,Курильский бобтейл короткошёрстный,0100148,female,adult,730,,3.628739,4.309127,4.989516,published_range,derived_midpoint,S12,"TICA breed-group page applies to both coat lengths"
Kurilian Bobtail Shorthair,Курильский бобтейл короткошёрстный,0100148,male,adult,730,,,,6.803886,published_upper_bound,not_available,S12,"TICA says males can weigh as much as 15 lb (6.803886 kg); no lower bound, so no range/midpoint"
Kurilian Bobtail Shorthair,Курильский бобтейл короткошёрстный,0100148,combined,birth,0,0,,,,gap,not_available,,"no qualifying breed-specific birth figure located"
Kurilian Bobtail Shorthair,Курильский бобтейл короткошёрстный,0100148,combined,intermediate,,,,,,gap,not_available,,"no qualifying exact-age breed-specific point located"
Thai,Тайская,0100235,female,adult,365,,3.175147,3.628739,4.082331,published_range,derived_midpoint,S14,"TICA ideal weight range"
Thai,Тайская,0100235,male,adult,365,,4.082331,4.762720,5.443108,published_range,derived_midpoint,S14,"TICA ideal weight range"
Thai,Тайская,0100235,combined,birth,0,0,,,,gap,not_available,,"Thai is not treated as interchangeable with pooled Siamese/Oriental research"
Thai,Тайская,0100235,combined,intermediate,,,,,,gap,not_available,,"no qualifying exact-age breed-specific point located"
Elf,Эльф,0100091,combined,adult,365,,4.5,5.75,7.0,published_range,derived_midpoint,S18,"open professional pet reference; no sex split; rare experimental breed"
Elf,Эльф,0100091,combined,birth,0,0,,,,gap,not_available,,"no qualifying breed-specific birth figure located"
Elf,Эльф,0100091,combined,intermediate,,,,,,gap,not_available,,"no qualifying exact-age breed-specific point located"
