source_id,title,publisher,year,url,page_table,access_date,source_class,sample_geography_method,claims_used,limitations
S01,Bengal,TICA,,https://tica.org/breed/bengal/,Height/Weight Range,2026-09-09,official_breed_organization,"registry breed page","female 6-12 lb; male 9-15 lb; full size 2 years","approximate ranges; no sample"
S02,Abyssinian,TICA,,https://tica.org/breed/abyssinian/,Height/Weight Range,2026-09-09,official_breed_organization,"registry breed page","female 6-9 lb; male 7-12 lb","page also gives narrower narrative averages; used displayed range fields"
S03,Oriental Shorthair,TICA,,https://tica.org/breed/oriental-shorthair/,Height/Weight Range,2026-09-09,official_breed_organization,"registry breed page","female 5-8 lb; male 8-12 lb; maturity 18-24 months","approximate ranges; no sample"
S04,Devon Rex,TICA,,https://tica.org/breed/devon-rex/,Height/Weight Range,2026-09-09,official_breed_organization,"registry breed page","female 5-7 lb; male 7-9 lb","no sample"
S05,Exotic Shorthair,VCA Animal Hospitals,,https://vcahospitals.com/florida-veterinary-league/know-your-pet/cat-breeds/exotic-shorthair,breed facts,2026-09-09,veterinary_reference,"professional veterinary network","combined 9-12 lb","no sex split or sample"
S06,Average Healthy Cat Weight,PetMD,2025,https://www.petmd.com/cat/general-health/average-weight-cats,breed table,2026-09-09,veterinary_reference,"editorial veterinary reference","Persian males 9-14 lb; females 7-11 lb","no sample/method exposed"
S07,Cornish Rex,TICA,,https://tica.org/breed/cornish-rex/,Breed Information & Characteristics,2026-09-09,official_breed_organization,"registry breed page","female 5-7 lb; male 8-10 lb","no sample"
S08,Russian Blue: Pet-to-Human Weight Comparison,Association for Pet Obesity Prevention,,https://www.petobesityprevention.org/weight-comparison/russian-blue,Typical Breed Ranges,2026-09-09,veterinary_reference,"nonprofit veterinary obesity organization","female 7-10 lb; male 10-12 lb","explicitly a starting point; underlying sample not published"
S09,Norwegian Forest,TICA,,https://tica.org/breed/norwegian-forest/,Height/Weight Range,2026-09-09,official_breed_organization,"registry breed page","female 8-12 lb; male 12-18 lb; maturity up to 5 years","no sample"
S10,Burmese,Governing Council of the Cat Fancy,,https://www.gccfcats.org/getting-a-cat/choosing/cat-breeds/burmese/,Care,2026-09-09,official_breed_organization,"UK registry breed page","male 11-14 lb; female 6-9 lb","care guidance; no sample"
S11,Ragdoll,TICA,,https://tica.org/breed/ragdoll/,Height/Weight Range,2026-09-09,official_breed_organization,"registry breed page","female 10-15 lb; male 15-20 lb; maturity up to 4 years","no sample"
S12,Kurilian Bobtail,TICA,,https://tica.org/breed/kurilian-bobtail/,Height/Weight Range and breed narrative,2026-09-09,official_breed_organization,"registry breed-group page covering SH/LH","female 8-11 lb; male up to 15 lb","male lower bound absent; duplicated only because VBO separates coat lengths"
S13,Sphynx,TICA,,https://tica.org/breed/sphynx/,Height/Weight Range,2026-09-09,official_breed_organization,"registry breed page","female 7-10 lb; male 8-12 lb","no sample"
S14,Thai,TICA,,https://tica.org/breed/thai/,Height/Weight Range,2026-09-09,official_breed_organization,"registry breed page","female 7-9 lb; male 9-12 lb","no sample"
S15,Association between Birth Weight and Mortality over the Two First Months after Birth in Feline Species: Definition of Breed-Specific Thresholds,Animals (MDPI),2023,https://pmc.ncbi.nlm.nih.gov/articles/PMC10251906/,Table 1,2026-09-09,peer_reviewed_observation,"5596 live-born kittens; 1507 litters; 194 French catteries; births 2000-2020; breeder records","breed/group mean birth weights with SD and n","sex-combined; some sister breeds pooled; retrospective breeder data"
S16,Birth weight in the feline species: Description and factors of variation in a large population of purebred kittens,Theriogenology,2022,https://wp-debug.envt.fr/wp-content/uploads/2023/03/ID_1_2022_Mugnier_Birth-weight-in-the-feline-species-Description-and-factors-of-variation-Theriogenology.pdf,Table 1,2026-09-09,peer_reviewed_observation,"3547 kittens; 932 litters; 139 French catteries","Oriental-group birth mean 95.5 g SD 13.2 n=96","pooled Balinese/Mandarin/Oriental/Siamese; sex-combined"
S17,Kitten growth from birth to two months of age: breed-specific curves,Proceedings abstract / AIR Unimi,2020,https://air.unimi.it/retrieve/dfa8b9a3-6f58-748b-e053-3a05fe0a3a96/rda.13449.pdf,Abstract 018,2026-09-09,peer_reviewed_conference_observation,"3639 kittens; 1010 litters; 130 catteries; 12 breed groups; boxplots at 14 dates","Oriental group weight at D60 853 g","abstract gives only extrema, not full per-breed table; sex pooled"
S18,Elf Cat: behaviour price appearance,Zooplus Magazine,,https://www.zooplus.co.uk/magazine/cat/cat-breeds/elf-cat,breed facts,2026-09-09,open_professional_reference,"commercial pet-care editorial","combined adult 4.5-7 kg","rare breed; no sample, sex split, or registry validation"
