source_id,event_id,event_name,event_date,city,country,system,license,source_breed_code,breed_name_en,breed_name_ru,scalesync_vbo_id,mapping_decision,catalog_entry_count,rank,total_catalog_entries,recognized_pedigree_entries,URL,accessed_at,metric,limitations
RU-WCF-TYUMEN-2024,TOOLJ-2024-10-05,Our Favorites,2024-10-05--2024-10-06,Tyumen,Russia,WCF,242037,MCO,Maine Coon,Мейн-кун,VBO:0100154,exact,16,1,102,100,https://www.toolj.ru/1_katalog_5_6_okt_wcf.pdf,2026-09-09,catalog entries,"One event; includes one litter entry; entries are not registrations or population prevalence"
RU-WCF-TYUMEN-2024,TOOLJ-2024-10-05,Our Favorites,2024-10-05--2024-10-06,Tyumen,Russia,WCF,242037,BEN,Bengal,Бенгальская,VBO:0100040,exact,14,2,102,100,https://www.toolj.ru/1_katalog_5_6_okt_wcf.pdf,2026-09-09,catalog entries,"One event; entries are not registrations or population prevalence"
RU-WCF-TYUMEN-2024,TOOLJ-2024-10-05,Our Favorites,2024-10-05--2024-10-06,Tyumen,Russia,WCF,242037,KBL,Kurilian Bobtail Longhair,Курильский бобтейл длинношёрстный,VBO:0100147,exact,14,2,102,100,https://www.toolj.ru/1_katalog_5_6_okt_wcf.pdf,2026-09-09,catalog entries,"One event; includes one litter entry; entries are not registrations or population prevalence"
RU-WCF-TYUMEN-2024,TOOLJ-2024-10-05,Our Favorites,2024-10-05--2024-10-06,Tyumen,Russia,WCF,242037,BUR,Burmese (WCF EMS),Бурма,,unresolved,8,4,102,100,https://www.toolj.ru/1_katalog_5_6_okt_wcf.pdf,2026-09-09,catalog entries,"WCF EMS label does not defensibly select one of several VBO Burmese concepts; one event"
RU-WCF-TYUMEN-2024,TOOLJ-2024-10-05,Our Favorites,2024-10-05--2024-10-06,Tyumen,Russia,WCF,242037,BRI,British Shorthair,Британская короткошёрстная,VBO:0100052,exact,6,5,102,100,https://www.toolj.ru/1_katalog_5_6_okt_wcf.pdf,2026-09-09,catalog entries,"One event; entries are not registrations or population prevalence"
RU-WCF-TYUMEN-2024,TOOLJ-2024-10-05,Our Favorites,2024-10-05--2024-10-06,Tyumen,Russia,WCF,242037,SIB,Siberian,Сибирская,VBO:0100223,exact,6,5,102,100,https://www.toolj.ru/1_katalog_5_6_okt_wcf.pdf,2026-09-09,catalog entries,"One event; entries are not registrations or population prevalence"
RU-WCF-TYUMEN-2024,TOOLJ-2024-10-05,Our Favorites,2024-10-05--2024-10-06,Tyumen,Russia,WCF,242037,EXO,Exotic Shorthair,Экзотическая короткошёрстная,VBO:0100096,exact,4,7,102,100,https://www.toolj.ru/1_katalog_5_6_okt_wcf.pdf,2026-09-09,catalog entries,"One event; entries are not registrations or population prevalence"
RU-WCF-TYUMEN-2024,TOOLJ-2024-10-05,Our Favorites,2024-10-05--2024-10-06,Tyumen,Russia,WCF,242037,KBS,Kurilian Bobtail Shorthair,Курильский бобтейл короткошёрстный,VBO:0100148,exact,4,7,102,100,https://www.toolj.ru/1_katalog_5_6_okt_wcf.pdf,2026-09-09,catalog entries,"One event; entries are not registrations or population prevalence"
RU-WCF-TYUMEN-2024,TOOLJ-2024-10-05,Our Favorites,2024-10-05--2024-10-06,Tyumen,Russia,WCF,242037,RUS,Russian Blue,Русская голубая,VBO:0100200,exact,4,7,102,100,https://www.toolj.ru/1_katalog_5_6_okt_wcf.pdf,2026-09-09,catalog entries,"One event; entries are not registrations or population prevalence"
RU-WCF-TYUMEN-2024,TOOLJ-2024-10-05,Our Favorites,2024-10-05--2024-10-06,Tyumen,Russia,WCF,242037,SFS 71,Scottish Straight,Шотландская прямоухая короткошёрстная,VBO:0100213,exact,4,7,102,100,https://www.toolj.ru/1_katalog_5_6_okt_wcf.pdf,2026-09-09,catalog entries,"One event; entries are not registrations or population prevalence"
RU-WCF-TYUMEN-2024,TOOLJ-2024-10-05,Our Favorites,2024-10-05--2024-10-06,Tyumen,Russia,WCF,242037,CRX,Cornish Rex,Корниш-рекс,VBO:0100077,exact,3,11,102,100,https://www.toolj.ru/1_katalog_5_6_okt_wcf.pdf,2026-09-09,catalog entries,"One event; entries are not registrations or population prevalence"
RU-WCF-TYUMEN-2024,TOOLJ-2024-10-05,Our Favorites,2024-10-05--2024-10-06,Tyumen,Russia,WCF,242037,OSH,Oriental Shorthair,Ориентальная короткошёрстная,VBO:0100184,exact,3,11,102,100,https://www.toolj.ru/1_katalog_5_6_okt_wcf.pdf,2026-09-09,catalog entries,"One event; entries are not registrations or population prevalence"
RU-WCF-TYUMEN-2024,TOOLJ-2024-10-05,Our Favorites,2024-10-05--2024-10-06,Tyumen,Russia,WCF,242037,SFL 71,Scottish Straight Longhair,Шотландская прямоухая длинношёрстная,VBO:0100214,exact,3,11,102,100,https://www.toolj.ru/1_katalog_5_6_okt_wcf.pdf,2026-09-09,catalog entries,"Includes one litter entry; one event"
RU-WCF-TYUMEN-2024,TOOLJ-2024-10-05,Our Favorites,2024-10-05--2024-10-06,Tyumen,Russia,WCF,242037,ABY,Abyssinian,Абиссинская,VBO:0100000,exact,1,14,102,100,https://www.toolj.ru/1_katalog_5_6_okt_wcf.pdf,2026-09-09,catalog entries,"One event; entries are not registrations or population prevalence"
RU-WCF-TYUMEN-2024,TOOLJ-2024-10-05,Our Favorites,2024-10-05--2024-10-06,Tyumen,Russia,WCF,242037,CHS,Chausie,Чаузи,VBO:0100068,exact,1,14,102,100,https://www.toolj.ru/1_katalog_5_6_okt_wcf.pdf,2026-09-09,catalog entries,"One event; entries are not registrations or population prevalence"
RU-WCF-TYUMEN-2024,TOOLJ-2024-10-05,Our Favorites,2024-10-05--2024-10-06,Tyumen,Russia,WCF,242037,DRX,Devon Rex,Девон-рекс,VBO:0100084,exact,1,14,102,100,https://www.toolj.ru/1_katalog_5_6_okt_wcf.pdf,2026-09-09,catalog entries,"One event; entries are not registrations or population prevalence"
RU-WCF-TYUMEN-2024,TOOLJ-2024-10-05,Our Favorites,2024-10-05--2024-10-06,Tyumen,Russia,WCF,242037,ELF,Elf,Эльф,VBO:0100091,exact,1,14,102,100,https://www.toolj.ru/1_katalog_5_6_okt_wcf.pdf,2026-09-09,catalog entries,"Unrecognized at this WCF event; excluded from recognized-pedigree denominator"
RU-WCF-TYUMEN-2024,TOOLJ-2024-10-05,Our Favorites,2024-10-05--2024-10-06,Tyumen,Russia,WCF,242037,HHS,Domestic Shorthair,Домашняя короткошёрстная,VBO:0100119,exact,1,14,102,100,https://www.toolj.ru/1_katalog_5_6_okt_wcf.pdf,2026-09-09,catalog entries,"Household-pet class; excluded from recognized-pedigree denominator"
RU-WCF-TYUMEN-2024,TOOLJ-2024-10-05,Our Favorites,2024-10-05--2024-10-06,Tyumen,Russia,WCF,242037,NFO,Norwegian Forest Cat,Норвежская лесная,VBO:0100178,exact,1,14,102,100,https://www.toolj.ru/1_katalog_5_6_okt_wcf.pdf,2026-09-09,catalog entries,"One event; entries are not registrations or population prevalence"
RU-WCF-TYUMEN-2024,TOOLJ-2024-10-05,Our Favorites,2024-10-05--2024-10-06,Tyumen,Russia,WCF,242037,SAV,Savannah,Саванна,VBO:0100208,exact,1,14,102,100,https://www.toolj.ru/1_katalog_5_6_okt_wcf.pdf,2026-09-09,catalog entries,"One event; entries are not registrations or population prevalence"
RU-WCF-TYUMEN-2024,TOOLJ-2024-10-05,Our Favorites,2024-10-05--2024-10-06,Tyumen,Russia,WCF,242037,SFL,Scottish Fold Longhair,Шотландская вислоухая длинношёрстная,VBO:0100210,exact,1,14,102,100,https://www.toolj.ru/1_katalog_5_6_okt_wcf.pdf,2026-09-09,catalog entries,"One event; entries are not registrations or population prevalence"
RU-WCF-TYUMEN-2024,TOOLJ-2024-10-05,Our Favorites,2024-10-05--2024-10-06,Tyumen,Russia,WCF,242037,SFS,Scottish Fold Shorthair,Шотландская вислоухая короткошёрстная,VBO:0100311,exact,1,14,102,100,https://www.toolj.ru/1_katalog_5_6_okt_wcf.pdf,2026-09-09,catalog entries,"One event; entries are not registrations or population prevalence"
RU-WCF-TYUMEN-2024,TOOLJ-2024-10-05,Our Favorites,2024-10-05--2024-10-06,Tyumen,Russia,WCF,242037,SIA,Siamese,Сиамская,VBO:0100221,exact,1,14,102,100,https://www.toolj.ru/1_katalog_5_6_okt_wcf.pdf,2026-09-09,catalog entries,"One event; entries are not registrations or population prevalence"
RU-WCF-TYUMEN-2024,TOOLJ-2024-10-05,Our Favorites,2024-10-05--2024-10-06,Tyumen,Russia,WCF,242037,TGR,Toyger,Тойгер,VBO:0100245,exact,1,14,102,100,https://www.toolj.ru/1_katalog_5_6_okt_wcf.pdf,2026-09-09,catalog entries,"One event; entries are not registrations or population prevalence"
RU-WCF-TYUMEN-2024,TOOLJ-2024-10-05,Our Favorites,2024-10-05--2024-10-06,Tyumen,Russia,WCF,242037,TOB,Toybob,Тойбоб,VBO:0100244,exact,1,14,102,100,https://www.toolj.ru/1_katalog_5_6_okt_wcf.pdf,2026-09-09,catalog entries,"One event; entries are not registrations or population prevalence"
RU-WCF-TYUMEN-2024,TOOLJ-2024-10-05,Our Favorites,2024-10-05--2024-10-06,Tyumen,Russia,WCF,242037,XLH,Unrecognized Longhair,Непризнанная длинношёрстная,,unresolved,1,14,102,100,https://www.toolj.ru/1_katalog_5_6_okt_wcf.pdf,2026-09-09,catalog entries,"Source category rather than a stable breed; excluded from recognized-pedigree denominator"
