source_id,metric_type,value,unit,year/period,geography,sample_type,organization,denominator/sample_size,URL,accessed_at,usable_for_breed_ranking,limitations/bias
RU-POP-2023,estimated domestic cats,49200000,cats,2023,Россия,population,Центр изучения питания и благополучия животных / Ipsos,7718 interviews overall,https://petcarecenter.ru/documents/%D0%92%D1%81%D0%B5%D1%80%D0%BE%D1%81%D1%81%D0%B8%D0%B9%D1%81%D0%BA%D0%B0%D1%8F_%D0%BF%D0%B5%D1%80%D0%B5%D0%BF%D0%B8%D1%81%D1%8C_%D0%B6%D0%B8%D0%B2%D0%BE%D1%82%D0%BD%D1%8B%D1%85.pdf,2026-09-09,no,Population estimate is not a breed denominator
RU-POP-2023,pedigree cats,29,percent of cats,2023,Россия,population,Центр изучения питания и благополучия животных / Ipsos,breed-question denominator unpublished,https://petcarecenter.ru/documents/%D0%92%D1%81%D0%B5%D1%80%D0%BE%D1%81%D1%81%D0%B8%D0%B9%D1%81%D0%BA%D0%B0%D1%8F_%D0%BF%D0%B5%D1%80%D0%B5%D0%BF%D0%B8%D1%81%D1%8C_%D0%B6%D0%B8%D0%B2%D0%BE%D1%82%D0%BD%D1%8B%D1%85.pdf,2026-09-09,no,Aggregate pedigree status does not distinguish breeds
RU-POP-2023,study interviews,7718,interviews,2023,Россия,population,Центр изучения питания и благополучия животных / Ipsos,7718 interviews overall,https://petcarecenter.ru/documents/%D0%92%D1%81%D0%B5%D1%80%D0%BE%D1%81%D1%81%D0%B8%D0%B9%D1%81%D0%BA%D0%B0%D1%8F_%D0%BF%D0%B5%D1%80%D0%B5%D0%BF%D0%B8%D1%81%D1%8C_%D0%B6%D0%B8%D0%B2%D0%BE%D1%82%D0%BD%D1%8B%D1%85.pdf,2026-09-09,no,Overall survey size is not the breed-question denominator
RU-NAFI-2019,households with non-pedigree cat,22,percent of households,2019-10,Россия,population,Аналитический центр НАФИ,1600 respondents,https://nafi.ru/polls/rossiyane-tratyat-na-domashnikh-zhivotnykh-36-mlrd-rubley-v-mesyats/,2026-09-09,no,Household/respondent is not a cat count; no named breeds
RU-NAFI-2019,households with pedigree cat,11,percent of households,2019-10,Россия,population,Аналитический центр НАФИ,1600 respondents,https://nafi.ru/polls/rossiyane-tratyat-na-domashnikh-zhivotnykh-36-mlrd-rubley-v-mesyats/,2026-09-09,no,Older period and different denominator from RU-POP-2023; no named breeds
RU-MFA-2022-09-25,catalog size,69,catalog entries,2022-09-25,Краснодар,exhibition entries,Международная фелинологическая ассоциация,69 catalog entries,https://www.cats-club.ru/RUS_shows_results_2022/25_sept_2022_Krasnodar.htm,2026-09-09,no,Results page does not guarantee all unique cats are shown and animals repeat between rings
RU-MOSCAT-2024-11-D1-ADULT,ring size,13,entries,2024-11-09,Москва,exhibition entries,КЛК Москва / WCF,13 ring entries,https://mos-cat.ru/rezult-241109,2026-09-09,no,One ring; finalists/results are not a complete exhibition catalog; repeat participation possible
RU-MOSCAT-2024-11-D2-ADULT,ring size,14,entries,2024-11-10,Москва,exhibition entries,КЛК Москва / WCF,14 ring entries,https://mos-cat.ru/rezult-241109,2026-09-09,no,One ring; finalists/results are not a complete exhibition catalog; repeat participation possible
RU-MOSCAT-2024-11-JUNIOR,ring size,9,entries,2024-11-09--2024-11-10,Москва,exhibition entries,КЛК Москва / WCF,9 ring entries,https://mos-cat.ru/rezult-241109,2026-09-09,no,Age-class ring only; results are not a complete catalog; repeat participation possible
RU-MOSCAT-2024-11-KITTEN,ring size,11,entries,2024-11-09--2024-11-10,Москва,exhibition entries,КЛК Москва / WCF,11 ring entries,https://mos-cat.ru/rezult-241109,2026-09-09,no,Age-class ring only; results are not a complete catalog; repeat participation possible
RU-FARUS-FELIS,registered cattery names in section,44,cattery names,current snapshot,Россия,cattery,Фелинологическая ассоциация России / КЛК Фелис,44 names in one club section,https://www.xn--80a6adhc.xn--p1ai/catteries/,2026-09-09,no,One registry section; registered name does not establish active cattery breed or litter count
