source_id,breed_name_en,scalesync_vbo_id,cattery_breed_records,rank
RU-FARUS-CATTERIES-2026-09-09,Maine Coon,VBO:0100154,204,1
RU-FARUS-CATTERIES-2026-09-09,Scottish Fold,VBO:0100209,182,2
RU-FARUS-CATTERIES-2026-09-09,Scottish Straight,VBO:0100213,174,3
RU-FARUS-CATTERIES-2026-09-09,Burmese,VBO:0100053,141,4
RU-FARUS-CATTERIES-2026-09-09,British Shorthair,VBO:0100052,140,5
RU-FARUS-CATTERIES-2026-09-09,Oriental Shorthair,VBO:0100184,128,6
RU-FARUS-CATTERIES-2026-09-09,Abyssinian,VBO:0100000,99,7
RU-FARUS-CATTERIES-2026-09-09,Bengal,VBO:0100040,86,8
RU-FARUS-CATTERIES-2026-09-09,Scottish Fold Longhair,VBO:0100210,81,9
RU-FARUS-CATTERIES-2026-09-09,Scottish Straight Longhair,VBO:0100214,72,10
RU-FARUS-CATTERIES-2026-09-09,Siamese,VBO:0100221,58,11
RU-FARUS-CATTERIES-2026-09-09,British Longhair,VBO:0100051,50,12
RU-FARUS-CATTERIES-2026-09-09,Maine Coon Polydactyl,VBO:0100155,44,13
RU-FARUS-CATTERIES-2026-09-09,Sphynx,VBO:0100230,44,13
RU-FARUS-CATTERIES-2026-09-09,Devon Rex,VBO:0100084,42,15
RU-FARUS-CATTERIES-2026-09-09,"Munchkin (Munchk), Short-Haired",VBO:0100303,36,16
RU-FARUS-CATTERIES-2026-09-09,Elf,VBO:0100091,33,17
RU-FARUS-CATTERIES-2026-09-09,Ragdoll,VBO:0100196,31,18
RU-FARUS-CATTERIES-2026-09-09,Selkirk Rex Shorthair,VBO:0100217,31,18
RU-FARUS-CATTERIES-2026-09-09,Kurilian Bobtail Shorthair,VBO:0100148,24,20
RU-FARUS-CATTERIES-2026-09-09,Bambino,VBO:0100037,22,21
RU-FARUS-CATTERIES-2026-09-09,Kurilian Bobtail Longhair,VBO:0100147,21,22
RU-FARUS-CATTERIES-2026-09-09,Donskoy,VBO:0100086,18,23
RU-FARUS-CATTERIES-2026-09-09,Exotic Shorthair,VBO:0100096,16,24
RU-FARUS-CATTERIES-2026-09-09,Persian,VBO:0100188,16,24
RU-FARUS-CATTERIES-2026-09-09,Dwelf,VBO:0100089,15,26
RU-FARUS-CATTERIES-2026-09-09,Cornish Rex,VBO:0100077,14,27
RU-FARUS-CATTERIES-2026-09-09,Somali,VBO:0100229,12,28
RU-FARUS-CATTERIES-2026-09-09,Chausie,VBO:0100068,11,29
RU-FARUS-CATTERIES-2026-09-09,Thai,VBO:0100235,10,30
RU-FARUS-CATTERIES-2026-09-09,Russian Blue,VBO:0100200,8,31
RU-FARUS-CATTERIES-2026-09-09,Munchkin Longhair,VBO:0100170,7,32
RU-FARUS-CATTERIES-2026-09-09,Ukrainian Levkoy,VBO:0100252,6,33
RU-FARUS-CATTERIES-2026-09-09,Peterbald,VBO:0100189,5,34
RU-FARUS-CATTERIES-2026-09-09,Selkirk Rex Longhair,VBO:0100216,5,34
RU-FARUS-CATTERIES-2026-09-09,Savannah,VBO:0100208,4,36
RU-FARUS-CATTERIES-2026-09-09,Minuet,VBO:0100163,3,37
RU-FARUS-CATTERIES-2026-09-09,Minuet Longhair,VBO:0100164,3,37
RU-FARUS-CATTERIES-2026-09-09,Turkish Angora,VBO:0100249,3,37
RU-FARUS-CATTERIES-2026-09-09,Sacred Birman,VBO:0100204,2,40
RU-FARUS-CATTERIES-2026-09-09,Toybob,VBO:0100244,2,40
RU-FARUS-CATTERIES-2026-09-09,American Shorthair,VBO:0100018,1,42
RU-FARUS-CATTERIES-2026-09-09,Asian Leopard Cat,VBO:0100029,1,42
RU-FARUS-CATTERIES-2026-09-09,Balinese,VBO:0100036,1,42
RU-FARUS-CATTERIES-2026-09-09,Bombay,VBO:0100045,1,42
RU-FARUS-CATTERIES-2026-09-09,Egyptian Mau,VBO:0100090,1,42
RU-FARUS-CATTERIES-2026-09-09,Munchkin,VBO:0100169,1,42
RU-FARUS-CATTERIES-2026-09-09,Nebelung,VBO:0100172,1,42
RU-FARUS-CATTERIES-2026-09-09,Norwegian Forest Cat,VBO:0100178,1,42
RU-FARUS-CATTERIES-2026-09-09,Oriental Longhair,VBO:0100183,1,42
RU-FARUS-CATTERIES-2026-09-09,Seychellois Short Hair,VBO:0100314,1,42
RU-FARUS-CATTERIES-2026-09-09,Toyger,VBO:0100245,1,42
RU-FARUS-CATTERIES-2026-09-09,Ural Rex,VBO:0100253,1,42
RU-FELIS-RUSSICA-CATTERIES-2026-09-09,Maine Coon,VBO:0100154,78,1
RU-FELIS-RUSSICA-CATTERIES-2026-09-09,Burmese,VBO:0100053,22,2
RU-FELIS-RUSSICA-CATTERIES-2026-09-09,Oriental Shorthair,VBO:0100184,16,3
RU-FELIS-RUSSICA-CATTERIES-2026-09-09,Siamese,VBO:0100221,15,4
RU-FELIS-RUSSICA-CATTERIES-2026-09-09,Ragdoll,VBO:0100196,11,5
RU-FELIS-RUSSICA-CATTERIES-2026-09-09,Abyssinian,VBO:0100000,8,6
RU-FELIS-RUSSICA-CATTERIES-2026-09-09,British Shorthair,VBO:0100052,6,7
RU-FELIS-RUSSICA-CATTERIES-2026-09-09,Devon Rex,VBO:0100084,6,7
RU-FELIS-RUSSICA-CATTERIES-2026-09-09,Siberian,VBO:0100223,6,7
RU-FELIS-RUSSICA-CATTERIES-2026-09-09,Sacred Birman,VBO:0100204,5,10
RU-FELIS-RUSSICA-CATTERIES-2026-09-09,Norwegian Forest Cat,VBO:0100178,4,11
RU-FELIS-RUSSICA-CATTERIES-2026-09-09,Persian,VBO:0100188,4,11
RU-FELIS-RUSSICA-CATTERIES-2026-09-09,Sphynx,VBO:0100230,4,11
RU-FELIS-RUSSICA-CATTERIES-2026-09-09,Neva Masquerade,VBO:0100173,3,14
RU-FELIS-RUSSICA-CATTERIES-2026-09-09,Bengal,VBO:0100040,2,15
RU-FELIS-RUSSICA-CATTERIES-2026-09-09,Cornish Rex,VBO:0100077,2,15
RU-FELIS-RUSSICA-CATTERIES-2026-09-09,Ocicat,VBO:0100179,2,15
RU-FELIS-RUSSICA-CATTERIES-2026-09-09,Russian Blue,VBO:0100200,2,15
RU-FELIS-RUSSICA-CATTERIES-2026-09-09,Thai,VBO:0100235,2,15
RU-FELIS-RUSSICA-CATTERIES-2026-09-09,Burmilla,VBO:0100056,1,20
RU-FELIS-RUSSICA-CATTERIES-2026-09-09,Exotic Shorthair,VBO:0100096,1,20
RU-FELIS-RUSSICA-CATTERIES-2026-09-09,Somali,VBO:0100229,1,20
