breed,breedRu,vboId,adultCoverage,implementationReadiness,birthCoverage,intermediateCoverage,pooledEvidence,notes
Abyssinian,Абиссинская,0100000,full_both_sex_ranges,ready_official,numeric,gap,yes,
American Shorthair,,0100018,full_both_sex_ranges,ready_open_fallback,gap,gap,no,
Asian Leopard Cat,,0100029,partial_or_combined,observational_only,numeric,gap,no,
Balinese,,0100036,full_both_sex_ranges,ready_official,gap,gap,no,
Bambino,,0100037,full_both_sex_ranges,provisional_low_authority,gap,gap,no,
Bengal,Бенгальская,0100040,full_both_sex_ranges,ready_official,numeric,gap,no,
Bombay,,0100045,full_both_sex_ranges,ready_open_fallback,gap,graphical_only,no,
Burmese,Бурманская,0100053,full_both_sex_ranges,ready_official,gap,gap,no,
Burmilla,,0100056,full_both_sex_ranges,ready_open_fallback,gap,gap,no,
Canadian Sphynx,,0100061,full_both_sex_ranges,ready_official,numeric,graphical_only,yes,
Chausie,,0100068,partial_or_combined,gap/conflict,gap,tabulated_or_point,no,
Cornish Rex,Корниш-рекс,0100077,full_both_sex_ranges,ready_official,gap,gap,no,
Devon Rex,Девон-рекс,0100084,full_both_sex_ranges,ready_official,gap,gap,no,
Donskoy,,0100086,gap,gap/conflict,gap,gap,no,Official TICA profile only states medium size and male larger
Dwelf,,0100089,full_both_sex_ranges,provisional_low_authority,gap,gap,no,
Egyptian Mau,,0100090,full_both_sex_ranges,ready_open_fallback,gap,graphical_only,no,
Elf,Эльф,0100091,partial_or_combined,gap/conflict,gap,gap,no,
Exotic Shorthair,Экзотическая короткошёрстная,0100096,partial_or_combined,gap/conflict,numeric,gap,yes,
Kurilian Bobtail Longhair,Курильский бобтейл длинношёрстный,0100147,partial_or_combined,gap/conflict,gap,gap,yes,
Kurilian Bobtail Shorthair,Курильский бобтейл короткошёрстный,0100148,partial_or_combined,gap/conflict,gap,gap,yes,
Minuet,,0100163,full_both_sex_ranges,provisional_low_authority,gap,gap,no,
Minuet Longhair,,0100164,full_both_sex_ranges,provisional_low_authority,gap,gap,no,
Munchkin,Манчкин,0100169,full_both_sex_ranges,ready_official,gap,graphical_only,no,
Munchkin Longhair,Манчкин длинношёрстный,0100170,full_both_sex_ranges,ready_official,gap,gap,no,TICA 5-7 lb; same breed differentiated only by coat | TICA 7-10 lb; same breed differentiated only by coat
Nebelung,,0100172,full_both_sex_ranges,provisional_low_authority,gap,gap,no,
Neva Masquerade,,0100173,full_both_sex_ranges,ready_open_fallback,gap,gap,no,
Norwegian Forest Cat,Норвежская лесная,0100178,full_both_sex_ranges,ready_official,numeric,gap,no,
Ocicat,,0100179,full_both_sex_ranges,gap/conflict,gap,gap,no,Uses TICA at-a-glance 10-12 lb; narrative body conflicts (9-14 lb) | Uses TICA at-a-glance 8-10 lb; narrative body conflicts (6-9 lb)
Oriental Longhair,,0100183,full_both_sex_ranges,ready_official,gap,graphical_only,no,
Oriental Shorthair,Ориентальная короткошёрстная,0100184,full_both_sex_ranges,ready_official,numeric,tabulated_or_point,yes,
Persian,Персидская,0100188,full_both_sex_ranges,ready_open_fallback,numeric,gap,yes,
Peterbald,,0100189,full_both_sex_ranges,ready_official,numeric,graphical_only,no,
Ragdoll,Рэгдолл,0100196,full_both_sex_ranges,ready_official,numeric,gap,no,
Russian Blue,Русская голубая,0100200,full_both_sex_ranges,ready_open_fallback,numeric,gap,yes,APOP says starting point only; source does not expose underlying sample
Sacred Birman,,0100204,partial_or_combined,gap/conflict,numeric,graphical_only,no,TICA displays 12 lb for both sexes; point estimate only
Savannah,,0100208,partial_or_combined,gap/conflict,gap,gap,no,
Selkirk Rex Longhair,,0100216,full_both_sex_ranges,ready_open_fallback,gap,graphical_only,yes,
Selkirk Rex Shorthair,,0100217,partial_or_combined,provisional_low_authority,gap,gap,no,
Somali,,0100229,partial_or_combined,gap/conflict,numeric,graphical_only,yes,Veterinarian-reviewed page gives pooled 6-10 lb only; no numeric sex split
Sphynx,Сфинкс,0100230,full_both_sex_ranges,ready_official,numeric,gap,no,
Thai,Тайская,0100235,full_both_sex_ranges,ready_official,gap,gap,no,
Toybob,,0100244,partial_or_combined,provisional_low_authority,gap,gap,yes,
Toyger,,0100245,full_both_sex_ranges,ready_official,gap,gap,no,
Turkish Angora,,0100249,full_both_sex_ranges,ready_open_fallback,gap,gap,no,
Ukrainian Levkoy,,0100252,full_both_sex_ranges,provisional_low_authority,gap,gap,no,
Ural Rex,,0100253,full_both_sex_ranges,provisional_low_authority,gap,gap,no,
Munchkin Short-Haired,Манчкин короткошёрстный,0100303,full_both_sex_ranges,ready_official,gap,gap,no,
Seychellois Short Hair,,0100314,full_both_sex_ranges,provisional_low_authority,gap,gap,no,Seychellois standard is identical to Siamese/Oriental; TICA Siamese female range used as explicit proxy | Seychellois standard is identical to Siamese/Oriental; TICA Siamese male range used as explicit proxy
