vboId,breed,stage,sex,classification,issue,sourceId,requiredAction
0100000,Abyssinian,intermediate,combined,gap/conflict,No breed-specific numeric intermediate datum found,,Keep excluded from production model until stronger evidence or explicit product decision.
0100018,American Shorthair,birth,combined,gap/conflict,No exact numeric breed-specific birth weight found,,Keep excluded from production model until stronger evidence or explicit product decision.
0100018,American Shorthair,intermediate,combined,gap/conflict,No exact numeric breed-specific intermediate weights found,,Keep excluded from production model until stronger evidence or explicit product decision.
0100029,Asian Leopard Cat,birth,combined,provisional_low_authority,"Secondary species database; verify VBO concept because this is a wild species, not a domestic breed",C-S15,Keep excluded from production model until stronger evidence or explicit product decision.
0100029,Asian Leopard Cat,intermediate,combined,gap/conflict,No exact numeric age-specific weights found,,Keep excluded from production model until stronger evidence or explicit product decision.
0100036,Balinese,birth,combined,gap/conflict,No exact numeric breed-specific birth weight found,,Keep excluded from production model until stronger evidence or explicit product decision.
0100036,Balinese,intermediate,combined,gap/conflict,No exact numeric breed-specific intermediate weights found,,Keep excluded from production model until stronger evidence or explicit product decision.
0100037,Bambino,adult,female,provisional_low_authority,Low-authority open source; no official/veterinary numeric range found,B-dogell-bambino-dwelf,Keep excluded from production model until stronger evidence or explicit product decision.
0100037,Bambino,adult,male,provisional_low_authority,Low-authority open source; no official/veterinary numeric range found,B-dogell-bambino-dwelf,Keep excluded from production model until stronger evidence or explicit product decision.
0100037,Bambino,birth,combined,gap/conflict,No breed-specific numeric birth datum found,,Keep excluded from production model until stronger evidence or explicit product decision.
0100037,Bambino,intermediate,combined,gap/conflict,No breed-specific numeric intermediate datum found,,Keep excluded from production model until stronger evidence or explicit product decision.
0100040,Bengal,intermediate,combined,gap/conflict,No breed-specific numeric intermediate datum found,,Keep excluded from production model until stronger evidence or explicit product decision.
0100053,Burmese,birth,combined,gap/conflict,no qualifying breed-specific birth figure located,,Keep excluded from production model until stronger evidence or explicit product decision.
0100053,Burmese,intermediate,combined,gap/conflict,no qualifying extractable exact-age breed-specific point located,,Keep excluded from production model until stronger evidence or explicit product decision.
0100056,Burmilla,birth,combined,gap/conflict,No exact numeric breed-specific birth weight found,,Keep excluded from production model until stronger evidence or explicit product decision.
0100056,Burmilla,intermediate,combined,gap/conflict,No exact numeric breed-specific intermediate weights found,,Keep excluded from production model until stronger evidence or explicit product decision.
0100068,Chausie,birth,combined,gap/conflict,No breed-specific numeric birth datum found,,Keep excluded from production model until stronger evidence or explicit product decision.
0100077,Cornish Rex,birth,combined,gap/conflict,no qualifying breed-specific birth figure located,,Keep excluded from production model until stronger evidence or explicit product decision.
0100077,Cornish Rex,intermediate,combined,gap/conflict,no qualifying extractable exact-age breed-specific point located,,Keep excluded from production model until stronger evidence or explicit product decision.
0100084,Devon Rex,birth,combined,gap/conflict,no qualifying breed-specific birth figure located,,Keep excluded from production model until stronger evidence or explicit product decision.
0100084,Devon Rex,intermediate,combined,gap/conflict,no qualifying extractable exact-age breed-specific point located,,Keep excluded from production model until stronger evidence or explicit product decision.
0100086,Donskoy,adult,female,gap/conflict,Official TICA profile only states medium size and male larger,B-tica-donskoy,Keep excluded from production model until stronger evidence or explicit product decision.
0100086,Donskoy,adult,male,gap/conflict,Official TICA profile only states medium size and male larger,B-tica-donskoy,Keep excluded from production model until stronger evidence or explicit product decision.
0100086,Donskoy,birth,combined,gap/conflict,No breed-specific numeric birth datum found,,Keep excluded from production model until stronger evidence or explicit product decision.
0100086,Donskoy,intermediate,combined,gap/conflict,No breed-specific numeric intermediate datum found,,Keep excluded from production model until stronger evidence or explicit product decision.
0100089,Dwelf,adult,female,provisional_low_authority,Low-authority open source; no official/veterinary numeric range found,B-dogell-bambino-dwelf,Keep excluded from production model until stronger evidence or explicit product decision.
0100089,Dwelf,adult,male,provisional_low_authority,Low-authority open source; no official/veterinary numeric range found,B-dogell-bambino-dwelf,Keep excluded from production model until stronger evidence or explicit product decision.
0100089,Dwelf,birth,combined,gap/conflict,No breed-specific numeric birth datum found,,Keep excluded from production model until stronger evidence or explicit product decision.
0100089,Dwelf,intermediate,combined,gap/conflict,No breed-specific numeric intermediate datum found,,Keep excluded from production model until stronger evidence or explicit product decision.
0100091,Elf,adult,female,gap/conflict,No sex-specific adult datum in research packages,,Keep excluded from production model until stronger evidence or explicit product decision.
0100091,Elf,adult,male,gap/conflict,No sex-specific adult datum in research packages,,Keep excluded from production model until stronger evidence or explicit product decision.
0100091,Elf,birth,combined,gap/conflict,no qualifying breed-specific birth figure located,,Keep excluded from production model until stronger evidence or explicit product decision.
0100091,Elf,intermediate,combined,gap/conflict,no qualifying exact-age breed-specific point located,,Keep excluded from production model until stronger evidence or explicit product decision.
0100096,Exotic Shorthair,adult,female,gap/conflict,No sex-specific adult datum in research packages,,Keep excluded from production model until stronger evidence or explicit product decision.
0100096,Exotic Shorthair,adult,male,gap/conflict,No sex-specific adult datum in research packages,,Keep excluded from production model until stronger evidence or explicit product decision.
0100096,Exotic Shorthair,intermediate,combined,gap/conflict,no qualifying extractable exact-age breed-specific point located,,Keep excluded from production model until stronger evidence or explicit product decision.
0100147,Kurilian Bobtail Longhair,birth,combined,gap/conflict,no qualifying breed-specific birth figure located,,Keep excluded from production model until stronger evidence or explicit product decision.
0100147,Kurilian Bobtail Longhair,intermediate,combined,gap/conflict,no qualifying exact-age breed-specific point located,,Keep excluded from production model until stronger evidence or explicit product decision.
0100148,Kurilian Bobtail Shorthair,birth,combined,gap/conflict,no qualifying breed-specific birth figure located,,Keep excluded from production model until stronger evidence or explicit product decision.
0100148,Kurilian Bobtail Shorthair,intermediate,combined,gap/conflict,no qualifying exact-age breed-specific point located,,Keep excluded from production model until stronger evidence or explicit product decision.
0100163,Minuet,adult,female,provisional_low_authority,"TICA says adults average 7-8 lb, no sex split; same unisex range provisionally repeated",C-S03,Keep excluded from production model until stronger evidence or explicit product decision.
0100163,Minuet,adult,male,provisional_low_authority,"TICA says adults average 7-8 lb, no sex split; same unisex range provisionally repeated",C-S03,Keep excluded from production model until stronger evidence or explicit product decision.
0100163,Minuet,birth,combined,gap/conflict,No exact numeric breed-specific birth weight found,,Keep excluded from production model until stronger evidence or explicit product decision.
0100163,Minuet,intermediate,combined,gap/conflict,No exact numeric breed-specific intermediate weights found,,Keep excluded from production model until stronger evidence or explicit product decision.
0100164,Minuet Longhair,adult,female,provisional_low_authority,"TICA Minuet Longhair page says adults average 7-8 lb, no sex split",C-S03,Keep excluded from production model until stronger evidence or explicit product decision.
0100164,Minuet Longhair,adult,male,provisional_low_authority,"TICA Minuet Longhair page says adults average 7-8 lb, no sex split",C-S03,Keep excluded from production model until stronger evidence or explicit product decision.
0100164,Minuet Longhair,birth,combined,gap/conflict,No exact numeric breed-specific birth weight found,,Keep excluded from production model until stronger evidence or explicit product decision.
0100164,Minuet Longhair,intermediate,combined,gap/conflict,No exact numeric breed-specific intermediate weights found,,Keep excluded from production model until stronger evidence or explicit product decision.
0100170,Munchkin Longhair,birth,combined,gap/conflict,No breed-specific numeric birth datum found,,Keep excluded from production model until stronger evidence or explicit product decision.
0100170,Munchkin Longhair,intermediate,combined,gap/conflict,No breed-specific numeric intermediate datum found,,Keep excluded from production model until stronger evidence or explicit product decision.
0100172,Nebelung,adult,female,provisional_low_authority,PetMD 7-15 lb unisex; no sex split,C-S12,Keep excluded from production model until stronger evidence or explicit product decision.
0100172,Nebelung,adult,male,provisional_low_authority,PetMD 7-15 lb unisex; no sex split,C-S12,Keep excluded from production model until stronger evidence or explicit product decision.
0100172,Nebelung,birth,combined,gap/conflict,No exact numeric breed-specific birth weight found,,Keep excluded from production model until stronger evidence or explicit product decision.
0100172,Nebelung,intermediate,combined,gap/conflict,No exact numeric breed-specific intermediate weights found,,Keep excluded from production model until stronger evidence or explicit product decision.
0100173,Neva Masquerade,birth,combined,gap/conflict,No breed-specific numeric birth datum found,,Keep excluded from production model until stronger evidence or explicit product decision.
0100173,Neva Masquerade,intermediate,combined,gap/conflict,No breed-specific numeric intermediate datum found,,Keep excluded from production model until stronger evidence or explicit product decision.
0100178,Norwegian Forest Cat,intermediate,combined,gap/conflict,2011 paper follows kittens to 12 weeks but exact table points were not recoverable in this pass,,Keep excluded from production model until stronger evidence or explicit product decision.
0100179,Ocicat,adult,female,ready_official,Uses TICA at-a-glance 8-10 lb; narrative body conflicts (6-9 lb),B-tica-ocicat,Keep excluded from production model until stronger evidence or explicit product decision.
0100179,Ocicat,adult,male,ready_official,Uses TICA at-a-glance 10-12 lb; narrative body conflicts (9-14 lb),B-tica-ocicat,Keep excluded from production model until stronger evidence or explicit product decision.
0100179,Ocicat,birth,combined,gap/conflict,No breed-specific numeric birth datum found,,Keep excluded from production model until stronger evidence or explicit product decision.
0100179,Ocicat,intermediate,combined,gap/conflict,No breed-specific numeric intermediate datum found,,Keep excluded from production model until stronger evidence or explicit product decision.
0100188,Persian,intermediate,combined,gap/conflict,published VetCompass growth curves exist but no exact points extracted from the graph,,Keep excluded from production model until stronger evidence or explicit product decision.
0100189,Peterbald,birth,combined,provisional_low_authority,Breeder-authored husbandry PDF; not peer reviewed; low-birth-weight population claim,C-S14,Keep excluded from production model until stronger evidence or explicit product decision.
0100196,Ragdoll,intermediate,combined,gap/conflict,VetCompass curves exist through age but exact plotted values not extracted,,Keep excluded from production model until stronger evidence or explicit product decision.
0100200,Russian Blue,intermediate,combined,gap/conflict,no qualifying exact-age breed-specific point located,,Keep excluded from production model until stronger evidence or explicit product decision.
0100208,Savannah,adult,female,gap/conflict,No defensible sex-specific numeric range; generation is major confounder,B-petmd-savannah,Keep excluded from production model until stronger evidence or explicit product decision.
0100208,Savannah,adult,male,gap/conflict,No defensible sex-specific numeric range; generation is major confounder,B-petmd-savannah,Keep excluded from production model until stronger evidence or explicit product decision.
0100208,Savannah,birth,combined,gap/conflict,No breed-specific numeric birth datum found,,Keep excluded from production model until stronger evidence or explicit product decision.
0100208,Savannah,intermediate,combined,gap/conflict,No breed-specific numeric intermediate datum found,,Keep excluded from production model until stronger evidence or explicit product decision.
0100216,Selkirk Rex Longhair,birth,combined,gap/conflict,No exact numeric breed-specific birth weight found,,Keep excluded from production model until stronger evidence or explicit product decision.
0100217,Selkirk Rex Shorthair,adult,female,gap/conflict,Fallback says females smaller but gives no numeric female range,B-wikipedia-selkirk,Keep excluded from production model until stronger evidence or explicit product decision.
0100217,Selkirk Rex Shorthair,adult,male,provisional_low_authority,Wikipedia fallback 12-15 lb male; applies to Selkirk Rex without coat distinction,B-wikipedia-selkirk,Keep excluded from production model until stronger evidence or explicit product decision.
0100217,Selkirk Rex Shorthair,birth,combined,gap/conflict,No breed-specific numeric birth datum found,,Keep excluded from production model until stronger evidence or explicit product decision.
0100217,Selkirk Rex Shorthair,intermediate,combined,gap/conflict,No breed-specific numeric intermediate datum found,,Keep excluded from production model until stronger evidence or explicit product decision.
0100229,Somali,adult,female,gap/conflict,Sex-specific adult range unavailable,B-petmd-somali,Keep excluded from production model until stronger evidence or explicit product decision.
0100229,Somali,adult,male,gap/conflict,Sex-specific adult range unavailable,B-petmd-somali,Keep excluded from production model until stronger evidence or explicit product decision.
0100230,Sphynx,intermediate,combined,gap/conflict,no qualifying exact-age breed-specific point located,,Keep excluded from production model until stronger evidence or explicit product decision.
0100235,Thai,birth,combined,gap/conflict,Thai is not treated as interchangeable with pooled Siamese/Oriental research,,Keep excluded from production model until stronger evidence or explicit product decision.
0100235,Thai,intermediate,combined,gap/conflict,no qualifying exact-age breed-specific point located,,Keep excluded from production model until stronger evidence or explicit product decision.
0100244,Toybob,adult,female,gap/conflict,Sex-specific numeric range unavailable,B-toybobcat,Keep excluded from production model until stronger evidence or explicit product decision.
0100244,Toybob,adult,male,gap/conflict,Sex-specific numeric range unavailable,B-toybobcat,Keep excluded from production model until stronger evidence or explicit product decision.
0100244,Toybob,adult,pooled,provisional_low_authority,Breed-club member cattery reports 4-7 lb pooled; no sex split,B-toybobcat,Keep excluded from production model until stronger evidence or explicit product decision.
0100244,Toybob,birth,combined,gap/conflict,No breed-specific numeric birth datum found,,Keep excluded from production model until stronger evidence or explicit product decision.
0100244,Toybob,intermediate,combined,gap/conflict,No breed-specific numeric intermediate datum found,,Keep excluded from production model until stronger evidence or explicit product decision.
0100245,Toyger,birth,combined,gap/conflict,No breed-specific numeric birth datum found,,Keep excluded from production model until stronger evidence or explicit product decision.
0100245,Toyger,intermediate,combined,gap/conflict,No breed-specific numeric intermediate datum found,,Keep excluded from production model until stronger evidence or explicit product decision.
0100249,Turkish Angora,birth,combined,gap/conflict,No exact numeric breed-specific birth weight found,,Keep excluded from production model until stronger evidence or explicit product decision.
0100249,Turkish Angora,intermediate,combined,gap/conflict,Peer-reviewed/open records found describe samples but did not expose exact age-weight table,,Keep excluded from production model until stronger evidence or explicit product decision.
0100252,Ukrainian Levkoy,adult,female,provisional_low_authority,Open pet portal; midpoint derived; no official/veterinary numeric range found,B-zoobonus-levkoy,Keep excluded from production model until stronger evidence or explicit product decision.
0100252,Ukrainian Levkoy,adult,male,provisional_low_authority,Open pet portal; midpoint derived; no official/veterinary numeric range found,B-zoobonus-levkoy,Keep excluded from production model until stronger evidence or explicit product decision.
0100252,Ukrainian Levkoy,birth,combined,gap/conflict,No breed-specific numeric birth datum found,,Keep excluded from production model until stronger evidence or explicit product decision.
0100252,Ukrainian Levkoy,intermediate,combined,gap/conflict,No breed-specific numeric intermediate datum found,,Keep excluded from production model until stronger evidence or explicit product decision.
0100253,Ural Rex,adult,female,provisional_low_authority,Russian Wikipedia current page 3-3.5 kg; official WCF standard has no numeric weight,C-S18,Keep excluded from production model until stronger evidence or explicit product decision.
0100253,Ural Rex,adult,male,provisional_low_authority,Russian Wikipedia current page 4-6 kg; official WCF standard has no numeric weight,C-S18,Keep excluded from production model until stronger evidence or explicit product decision.
0100253,Ural Rex,birth,combined,gap/conflict,No exact numeric breed-specific birth weight found,,Keep excluded from production model until stronger evidence or explicit product decision.
0100253,Ural Rex,intermediate,combined,gap/conflict,No exact numeric breed-specific intermediate weights found,,Keep excluded from production model until stronger evidence or explicit product decision.
0100303,Munchkin Short-Haired,birth,combined,gap/conflict,No breed-specific numeric birth datum found,,Keep excluded from production model until stronger evidence or explicit product decision.
0100303,Munchkin Short-Haired,intermediate,combined,gap/conflict,No breed-specific numeric intermediate datum found,,Keep excluded from production model until stronger evidence or explicit product decision.
0100314,Seychellois Short Hair,adult,female,provisional_low_authority,Seychellois standard is identical to Siamese/Oriental; TICA Siamese female range used as explicit proxy,C-S17,Keep excluded from production model until stronger evidence or explicit product decision.
0100314,Seychellois Short Hair,adult,male,provisional_low_authority,Seychellois standard is identical to Siamese/Oriental; TICA Siamese male range used as explicit proxy,C-S17,Keep excluded from production model until stronger evidence or explicit product decision.
0100314,Seychellois Short Hair,birth,combined,gap/conflict,No exact numeric breed-specific birth weight found,,Keep excluded from production model until stronger evidence or explicit product decision.
0100314,Seychellois Short Hair,intermediate,combined,gap/conflict,No exact numeric breed-specific intermediate weights found,,Keep excluded from production model until stronger evidence or explicit product decision.
