sourceId,package,title,publisher,year,url,duplicateUrlGroup,location,accessDate,authorityClass,methodSampleGeography,claimsUsed,limitations
A-S01,A,Bengal,TICA,,https://tica.org/breed/bengal/,,Height/Weight Range,2026-09-09,official_breed_organization,registry breed page,female 6-12 lb; male 9-15 lb; full size 2 years,approximate ranges; no sample
A-S02,A,Abyssinian,TICA,,https://tica.org/breed/abyssinian/,,Height/Weight Range,2026-09-09,official_breed_organization,registry breed page,female 6-9 lb; male 7-12 lb,page also gives narrower narrative averages; used displayed range fields
A-S03,A,Oriental Shorthair,TICA,,https://tica.org/breed/oriental-shorthair/,,Height/Weight Range,2026-09-09,official_breed_organization,registry breed page,female 5-8 lb; male 8-12 lb; maturity 18-24 months,approximate ranges; no sample
A-S04,A,Devon Rex,TICA,,https://tica.org/breed/devon-rex/,,Height/Weight Range,2026-09-09,official_breed_organization,registry breed page,female 5-7 lb; male 7-9 lb,no sample
A-S05,A,Exotic Shorthair,VCA Animal Hospitals,,https://vcahospitals.com/florida-veterinary-league/know-your-pet/cat-breeds/exotic-shorthair,,breed facts,2026-09-09,veterinary_reference,professional veterinary network,combined 9-12 lb,no sex split or sample
A-S06,A,Average Healthy Cat Weight,PetMD,2025,https://www.petmd.com/cat/general-health/average-weight-cats,,breed table,2026-09-09,veterinary_reference,editorial veterinary reference,Persian males 9-14 lb; females 7-11 lb,no sample/method exposed
A-S07,A,Cornish Rex,TICA,,https://tica.org/breed/cornish-rex/,,Breed Information & Characteristics,2026-09-09,official_breed_organization,registry breed page,female 5-7 lb; male 8-10 lb,no sample
A-S08,A,Russian Blue: Pet-to-Human Weight Comparison,Association for Pet Obesity Prevention,,https://www.petobesityprevention.org/weight-comparison/russian-blue,,Typical Breed Ranges,2026-09-09,veterinary_reference,nonprofit veterinary obesity organization,female 7-10 lb; male 10-12 lb,explicitly a starting point; underlying sample not published
A-S09,A,Norwegian Forest,TICA,,https://tica.org/breed/norwegian-forest/,,Height/Weight Range,2026-09-09,official_breed_organization,registry breed page,female 8-12 lb; male 12-18 lb; maturity up to 5 years,no sample
A-S10,A,Burmese,Governing Council of the Cat Fancy,,https://www.gccfcats.org/getting-a-cat/choosing/cat-breeds/burmese/,,Care,2026-09-09,official_breed_organization,UK registry breed page,male 11-14 lb; female 6-9 lb,care guidance; no sample
A-S11,A,Ragdoll,TICA,,https://tica.org/breed/ragdoll/,,Height/Weight Range,2026-09-09,official_breed_organization,registry breed page,female 10-15 lb; male 15-20 lb; maturity up to 4 years,no sample
A-S12,A,Kurilian Bobtail,TICA,,https://tica.org/breed/kurilian-bobtail/,,Height/Weight Range and breed narrative,2026-09-09,official_breed_organization,registry breed-group page covering SH/LH,female 8-11 lb; male up to 15 lb,male lower bound absent; duplicated only because VBO separates coat lengths
A-S13,A,Sphynx,TICA,,https://tica.org/breed/sphynx/,https://tica.org/breed/sphynx/,Height/Weight Range,2026-09-09,official_breed_organization,registry breed page,female 7-10 lb; male 8-12 lb,no sample
A-S14,A,Thai,TICA,,https://tica.org/breed/thai/,,Height/Weight Range,2026-09-09,official_breed_organization,registry breed page,female 7-9 lb; male 9-12 lb,no sample
A-S15,A,Association between Birth Weight and Mortality over the Two First Months after Birth in Feline Species: Definition of Breed-Specific Thresholds,Animals (MDPI),2023,https://pmc.ncbi.nlm.nih.gov/articles/PMC10251906/,,Table 1,2026-09-09,peer_reviewed_observation,5596 live-born kittens; 1507 litters; 194 French catteries; births 2000-2020; breeder records,breed/group mean birth weights with SD and n,sex-combined; some sister breeds pooled; retrospective breeder data
A-S16,A,Birth weight in the feline species: Description and factors of variation in a large population of purebred kittens,Theriogenology,2022,https://wp-debug.envt.fr/wp-content/uploads/2023/03/ID_1_2022_Mugnier_Birth-weight-in-the-feline-species-Description-and-factors-of-variation-Theriogenology.pdf,,Table 1,2026-09-09,peer_reviewed_observation,3547 kittens; 932 litters; 139 French catteries,Oriental-group birth mean 95.5 g SD 13.2 n=96,pooled Balinese/Mandarin/Oriental/Siamese; sex-combined
A-S17,A,Kitten growth from birth to two months of age: breed-specific curves,Proceedings abstract / AIR Unimi,2020,https://air.unimi.it/retrieve/dfa8b9a3-6f58-748b-e053-3a05fe0a3a96/rda.13449.pdf,,Abstract 018,2026-09-09,peer_reviewed_conference_observation,3639 kittens; 1010 litters; 130 catteries; 12 breed groups; boxplots at 14 dates,Oriental group weight at D60 853 g,"abstract gives only extrema, not full per-breed table; sex pooled"
A-S18,A,Elf Cat: behaviour price appearance,Zooplus Magazine,,https://www.zooplus.co.uk/magazine/cat/cat-breeds/elf-cat,,breed facts,2026-09-09,open_professional_reference,commercial pet-care editorial,combined adult 4.5-7 kg,"rare breed; no sample, sex split, or registry validation"
B-royalcanin-neonatal-2024,B,Kitten Neonatal Growth Curves 0-2 months,Royal Canin SAS,,https://static.royalcanin.nl/media/Corporate%20Affairs/vet-nurse-webinar/Kitten%20Neonatal%20Growth%20Curves%200-2_months.pdf,https://static.royalcanin.nl/media/Corporate%20Affairs/vet-nurse-webinar/Kitten%20Neonatal%20Growth%20Curves%200-2_months.pdf,Sacred Birman female/male; Sphynx pooled; Somali pooled; 9/25/50/75/91 centile curves days 0-62,2026-09-09,official_professional,,,Values are graph-digitized approximations; handbook does not expose underlying table/sample sizes on chart pages
B-tica-birman,B,Birman,TICA,,https://tica.org/breed/birman/,,adult sex points,2026-09-09,official_feline_org,,,UI gives 12 lb for both sexes despite narrative stating females smaller
B-anicura-neva,B,Neva Masquerade,AniCura Nederland,,https://www.anicura.nl/over-huisdieren/kat/kattenrassen/neva-masquerade/,,adult sex ranges,2026-09-09,professional_veterinary,,,No sample or distribution; says maturity at 3 years
B-petmd-somali,B,Somali,PetMD,,https://www.petmd.com/cat/breeds/somali,,pooled adult range,2026-09-09,professional_veterinary_reviewed,,,No sex split/sample
B-tica-chausie,B,Chausie,TICA,,https://tica.org/breed/chausie/,,adult male point; female percentage; 12-week kitten point,2026-09-09,official_feline_org,,,No range/sample; female value requires arithmetic derivation
B-petmd-savannah,B,Savannah,PetMD,,https://www.petmd.com/cat/breeds/savannah,,pooled adult range,2026-09-09,professional_veterinary_reviewed,,,No sex split; range depends on filial generation
B-toybobcat,B,Toybob adult size,Singville / ITCC member cattery,,https://www.toybobcat.com/,,pooled adult range,2026-09-09,breed_club_member,,,Not an independent official standard; no sex split/sample
B-tica-toyger,B,Toyger,TICA,,https://tica.org/breed/toyger/,,adult sex ranges,2026-09-09,official_feline_org,,,No sample/distribution
B-tica-munchkin,B,Munchkin,TICA,,https://tica.org/breed/munchkin/,https://tica.org/breed/munchkin/,adult sex ranges,2026-09-09,official_feline_org,,,At-a-glance sex ranges differ from pooled narrative 5-9 lb
B-tica-munchkin-longhair,B,Munchkin Longhair,TICA,,https://tica.org/breed/munchkin-longhair/,,adult sex ranges,2026-09-09,official_feline_org,,,Coat variant; no sample/distribution
B-wikipedia-selkirk,B,Selkirk Rex revision 1322594071,Wikipedia,,https://en.wikipedia.org/w/index.php?title=Selkirk_Rex&oldid=1322594071,,male adult range,2026-09-09,wikipedia_fixed_revision_fallback,,,Fixed revision last edited 2025-11-17; female numeric range absent
B-dogell-bambino-dwelf,B,Bambino vs Dwelf comparison,Dogell,,https://dogell.com/en/compare-cat-breeds/bambino-vs-dwelf,,adult sex ranges,2026-09-09,open_secondary_low_authority,,,No methodology/sample; retain only as low-confidence provisional data
B-tica-sphynx,B,Sphynx,TICA,,https://tica.org/breed/sphynx/,https://tica.org/breed/sphynx/,adult sex ranges,2026-09-09,official_feline_org,,,No sample/distribution
B-tica-donskoy,B,Donskoy,TICA,,https://tica.org/breed/donskoy/,,qualitative adult size,2026-09-09,official_feline_org,,,No numeric values
B-tica-ocicat,B,Ocicat,TICA,,https://tica.org/breed/ocicat/,,adult sex ranges,2026-09-09,official_feline_org,,,Internal conflict: at-a-glance F 8-10/M 10-12 lb; narrative F 6-9/M 9-14 lb
B-zoobonus-levkoy,B,Ukrainian Levkoy breed profile,ZooBonus,,https://zoobonus.ua/en/breed/ukrainian-levkoy,,adult sex ranges,2026-09-09,open_secondary,,,No methodology/sample; provisional
C-S01,C,Peterbald - TICA,,current_page,https://tica.org/breed/peterbald/,,adult sex ranges,2026-09-09,official_feline_organization,Breed information page; no sample or geography stated,,Descriptive range; not a population study
C-S02,C,Selkirk Rex Cat Breed Information - Purina US,,current_page,https://www.purina.com/cats/cat-breeds/selkirk-rex,,adult sex ranges; both coat lengths,2026-09-09,professional_pet_reference,Editorial breed guide; no sample stated,,Not peer reviewed; range provenance not stated
C-S03,C,Minuet Longhair - TICA,,current_page,https://tica.org/breed/minuet-longhair/,,adult unisex average range,2026-09-09,official_feline_organization,Breed information page; no sample stated,,"No sex split; wording 'on average 7-to-8 pounds' treated as range, not measured median"
C-S04,C,Turkish Angora Cat Breed Information - Purina US,,current_page,https://www.purina.com/cats/cat-breeds/turkish-angora,,adult sex ranges,2026-09-09,professional_pet_reference,Editorial breed guide; no sample stated,,Not peer reviewed
C-S05,C,Burmilla breed guide - Hill's Spain,,current_page,https://www.hillspet.es/cat-care/cat-breeds/burmilla,,adult sex ranges,2026-09-09,professional_veterinary_reference,Veterinary nutrition company breed guide; no sample stated,,Both sexes given same 4-5 kg range; not peer reviewed
C-S06,C,American Shorthair Cat Breed Information - Purina US,,current_page,https://www.purina.com/cats/cat-breeds/american-shorthair,,adult sex ranges,2026-09-09,professional_pet_reference,Editorial breed guide; no sample stated,,Not peer reviewed
C-S07,C,Live capture and handling of Taiwanese leopard cats,,2022,https://nsojournals.onlinelibrary.wiley.com/doi/abs/10.1002/wlb3.01032,,adult sex means,2026-09-09,peer_reviewed,Eight wild leopard cats captured in Taiwan; reported male 3.70±0.25 kg and female 2.34±0.42 kg,,Small wild sample; mean±SE only; not domestic breed; min/max not exposed
C-S08,C,Balinese - TICA,,current_page,https://tica.org/breed/balinese/,,adult sex ranges,2026-09-09,official_feline_organization,Breed information page; no sample stated,,Descriptive range; not a population study
C-S09,C,Bombay Cat Breed Information - Purina US,,current_page,https://www.purina.com/cats/cat-breeds/bombay,,adult sex ranges,2026-09-09,professional_pet_reference,Editorial breed guide; no sample stated,,Not peer reviewed
C-S10,C,Egyptian Mau Cat Breed Information - Purina US,,current_page,https://www.purina.com/cats/cat-breeds/egyptian-mau,,adult sex ranges,2026-09-09,professional_pet_reference,Editorial breed guide; no sample stated,,Not peer reviewed
C-S11,C,Munchkin - TICA,,current_page,https://tica.org/breed/munchkin/,https://tica.org/breed/munchkin/,adult sex ranges,2026-09-09,official_feline_organization,Breed information page; no sample stated,,Descriptive range; not a population study
C-S12,C,Nebelung Cat Breed Health and Care - PetMD,,2024-07-01,https://www.petmd.com/cat/breeds/nebelung,,adult unisex range,2026-09-09,professional_veterinary_reference,Veterinarian-reviewed breed guide; no sample stated,,No sex split; not a population study
C-S13,C,Royal Canin Kitten Neonatal Growth Curves 0-2 months,,2024-06-14,https://static.royalcanin.nl/media/Corporate%20Affairs/vet-nurse-webinar/Kitten%20Neonatal%20Growth%20Curves%200-2_months.pdf,https://static.royalcanin.nl/media/Corporate%20Affairs/vet-nurse-webinar/Kitten%20Neonatal%20Growth%20Curves%200-2_months.pdf,breed centile curves birth-62 days,2026-09-09,professional_research_reference,250000+ weights; 6600+ healthy kittens; 36 breeds; 220 French breeding facilities; retrospective longitudinal; NeoCare ENVT and Seenovate,,"Graph only, no numeric table; most breeds combine sexes; some templates group similar breeds; exact graph values require separate documented digitization"
C-S14,C,Preventing Fading Kitten Syndrome in Hairless Peterbald Cats,,current_pdf,https://www.kantrowitz.com/peterbald/preventing-fading-kitten-syndrome.pdf,,Peterbald birth range,2026-09-09,open_breeder_reference,Breeder-authored husbandry note states 60-80 g at birth,,Not official or peer reviewed; sample and geography not stated
C-S15,C,World Species - Prionailurus bengalensis,,current_page,https://worldspecies.org/ntaxa/901844,,wild Asian leopard cat birth mean,2026-09-09,open_secondary_reference,Species database reports 96 g,,Underlying reference not exposed in search result; wild species; requires validation before product use
C-S16,C,Oriental Longhair - TICA,,current_page,https://tica.org/breed/oriental-longhair/,,adult sex ranges,2026-09-09,official_feline_organization,Breed information page; no sample stated,,Descriptive range; not a population study
C-S17,C,Siamese - TICA,,current_page,https://tica.org/breed/siamese/,,adult sex ranges used as Seychellois proxy,2026-09-09,official_feline_organization,TICA identifies shared Siamese breed-group body type; French Wikipedia states Seychellois standard identical to Siamese/Oriental,,"Proxy, not direct Seychellois measurement; requires product-owner acceptance"
C-S18,C,Ural Rex - Russian Wikipedia,,current_page_seen_2026-09-09,https://ru.wikipedia.org/wiki/%D0%A3%D1%80%D0%B0%D0%BB%D1%8C%D1%81%D0%BA%D0%B8%D0%B9_%D1%80%D0%B5%D0%BA%D1%81,,adult sex ranges,2026-09-09,open_encyclopedia,Open encyclopedia; cites secondary pet sources,,Fallback only; fixed oldid was not captured; official WCF standard gives morphology but no numeric weight
C-S19,C,WCF Ural Rex Longhair standard,,2010-01-01,https://wcf.de/pdf-en/breed/URL_en_2010-01-01.pdf,,breed identity and morphology,2026-09-09,official_feline_organization,Official standard,,No numeric weight
